x,y,cluster,term,genes
4.7279778,-2.5997367,Cluster 0,RNA polymerase III transcription factor complex (GO:0090576),GTF3C2 GTF3C3 GTF3C4 GTF3C5 GTF3C6 BRF1 BDP1 GTF3C1
3.2729793,-2.3210618,Cluster 0,cullin-RING ubiquitin ligase complex (GO:0031461),FBXW5 FBXW4 FBXW7 KLHL26 UBE2C FBXW11 BTBD18 FBXW8 FBXO17 KLHL28 FBXO18 FBXO2 KLHL29 BTBD6 KLHL22 KLHL23 KLHL24 KLHL25 BTBD11 BTBD9 KLHL20 RBX1 KLHL21 CDC20 UBE2S BUB1B CDC16 ASB4 MAD2L2
3.6865544,-2.710625,Cluster 0,SAGA complex (GO:0000124),ENY2 USP22 TAF12 SGF29 SUPT3H TAF6L TADA3 TADA1 TAF9 TAF6 ATXN7L3 TAF9B
4.70878,-3.0537233,Cluster 0,transcription factor TFIID complex (GO:0005669),TBP TAF13 TAF11 TAF12 EDF1 TAF10 GTF2H2 GTF2H3 GTF2F1 GTF2H4 GTF2H5 SUPT3H TAF1 TAF6L ERCC2 ERCC3 TAF9 TAF4B TAF8 TCEA1 TAF7 TAF6 TAF5 TAF4 TAF3 TP53 TAF2
4.309145,-2.2913723,Cluster 0,heterochromatin (GO:0000792),HELLS H2AFZ CDKN2A CBX5 CBX3 ATRX H2AFY LRWD1 HMGA2 CBX1 UBE2A UBE2B HMGA1 SIRT1 RNF40 SIRT2 RNF20 INCENP UBE2U SNAI1 UBA1 MPHOSPH8 NOP53
3.7899768,-2.6029632,Cluster 0,prespliceosome (GO:0071010),SNRPN SF3A2 U2AF2 PRPF40B PRPF40A CRNKL1 UHMK1 XAB2 PRPF39 LSM7 SNRPD3 SNRNP70 SNRPD1 LUC7L SNRPGP15 NAA38 SNRPG SF3B1 SF3A1 SNRPB LUC7L3 LUC7L2 SNRPC
4.194106,-1.7201474,Cluster 0,transcriptionally active chromatin (GO:0035327),TTC37 H2AFB1 KMT2E SUPT6H H2AFB2 ICE2 ELL PCID2 ICE1 PSIP1 CTR9 ZC3H8 ESR1 AFF4 PELP1 EXOSC10 EXOSC5 WDR61 EXOSC4 EXOSC3 PADI2 BCAS3
3.8719227,-1.8561723,Cluster 0,nuclear matrix (GO:0016363),DNMT3A ACOD1 PRPF40A SMC1A POLA1 HNRNPM CENPF NCOR2 GFI1B SFPQ YEATS4 TEP1 NSMF TP53
3.0019126,-1.6254085,Cluster 0,nuclear transcription factor complex (GO:0044798),POU2F1 VDR NFATC4 TCF12 NFATC3 POU2AF1 NFATC2 CD3EAP NFATC1 HMGA1 HIPK2 HNRNPAB NR5A2 NR5A1 SFPQ RARB RARA
3.6614032,-2.5555649,Cluster 0,U2-type prespliceosome (GO:0071004),SNRPN SF3A2 U2AF2 PRPF40B PRPF40A UHMK1 PRPF39 LSM7 SNRNP70 LUC7L SNRPGP15 NAA38 SNRPG SF3B1 SF3A1 SNRPB LUC7L3 LUC7L2
3.0441236,-1.57383,Cluster 0,histone methyltransferase complex (GO:0035097),NCOA6 SETD1A CBX5 SETD1B SIRT1 ZFP64 WDR82 MTF2 DYDC2 DYDC1 PHF19
4.67585,-2.3918645,Cluster 0,site of DNA damage (GO:0090734),SLF2 KDM4D PARP3 SLF1 H2AFX HUS1 RPA2 RAD50 SETMAR PARP9 RNF169 RNF168 RAD51 PRPF19 ARTN RFWD3 APLF PAPD7 RAD18 AUNIP MRE11
4.8327374,-2.9804027,Cluster 0,nucleolar part (GO:0044452),IMP4 RSAD2 CD3EAP BTBD10 PEX14 SMARCA5 ARHGAP32 DKC1 CD2BP2 RPP21 CDK12 POP1 RAI14 UBE2N
3.7056756,-2.4426079,Cluster 0,MLL1 complex (GO:0071339),TEX10 MCRS1 MGA SENP3 HCFC1 TAF1 LAS1L TAF9 PRPF31 TAF7 TAF6 TAF4
3.8936348,-1.4425646,Cluster 0,micro-ribonucleoprotein complex (GO:0035068),DHX9 XPO5 AGO2 DICER1 AGO1 TNRC6A TARBP2
2.9140503,-1.6833068,Cluster 0,NuRD complex (GO:0016581),HDAC1 CSNK2A1 HDAC2 APLP2 MBD3 GATAD2A CHD5 CHD4 CHD3 GATAD2B SALL1 MTA2 NACC2 RBBP4 RBBP7 APPL1
4.891161,-2.384237,Cluster 0,condensed nuclear chromosome (GO:0000794),BRD4 REC8 MLH1 CCDC36 RAD21L1 P3H4 SMC1A RAD50 TUBG1 MLH3 LRPPRC RAD51 DMC1 NCAPD2 NCAPD3 RGS12
4.159399,-3.1067624,Cluster 0,mitochondrial outer membrane translocase complex (GO:0005742),TOMM40 PINK1 TOMM70 TOMM20L TOMM20 TOMM5 TOMM22 TOMM40L TOMM7
4.674431,-2.1327152,Cluster 0,pericentric heterochromatin (GO:0005721),HELLS CBX5 CBX3 ATRX H2AFY LRWD1 IKZF1 CENPC INCENP NCAPD3 KMT5C SNAI1
5.3116655,-2.8859115,Cluster 0,chaperonin-containing T-complex (GO:0005832),CCT4 CCT3 CCT2 CCT8L2 TCP1 CCT6B CCT6A BBS12 FYCO1 CCT8L1P CCT8 CCT7 CCT5
3.658549,-2.285241,Cluster 0,gamma-tubulin ring complex (GO:0008274),MZT2B MZT2A CDK5RAP2 TUBGCP6 TUBGCP4 BRCA1 TUBGCP5 MZT1
4.273289,-2.9367115,Cluster 0,ficolin-1-rich granule lumen (GO:1904813),GSN KRT1 AGL PDAP1 HUWE1 ILF2 MAPK14 EEF1A1 PPIA CRISPLD2 PSMC2 PSMC3 HSPA1A CDK13 YPEL5 PPIE CDA HSPA1B FCN1
4.216704,-2.705725,Cluster 0,INO80-type complex (GO:0097346),INO80C INO80E TRRAP ACTR8 MCRS1 ACTL6A ACTR5 INO80 YY1AP1 UCHL5 ZNHIT1 RUVBL1 YY1 ING3 TFPT KAT5 RUVBL2 ANP32E EP400 NFRKB BRD8 INO80B
4.5015492,-3.0410583,Cluster 0,"preribosome, large subunit precursor (GO:0030687)",WDR37 PPAN-P2RY11 RRP1B WDR74 FTSJ3 WDR12 NSA2 BOP1 EIF6 EBNA1BP2 LAS1L
4.7391925,-2.5196269,Cluster 0,nuclear replisome (GO:0043601),PRIM2 PRIM1 NUGGC POLA1 CHRAC1 POLD4 POLA2 POLE HELB POLD1 POLE2 POLE3 POLD2 POLE4 POLD3 MCM3
2.8486168,-1.7039727,Cluster 0,CHD-type complex (GO:0090545),HDAC1 CSNK2A1 HDAC2 APLP2 MBD3 GATAD2A CHD5 CHD4 CHD3 GATAD2B SALL1 MTA2 NACC2 RBBP4 RBBP7 APPL1
5.2927413,-2.670716,Cluster 0,Cul4-RING E3 ubiquitin ligase complex (GO:0080008),FBXW5 GLMN CRBN TRPC4AP RBX1 DDB2 CUL4B CUL4A DDB1 RFWD2 ERCC8 DTL CACUL1
3.5064054,-1.8628321,Cluster 0,nuclear speck (GO:0016607),HEXIM2 CARMIL1 FNBP4 SFMBT2 ESX1 DNAAF1 PASD1 SRRM1 GCAT MAPK14 SRRM2 PHF5A RUFY1 DDX39A DDX39B POLR3D SARNP FNDC1 CD2BP2 HSPA1A CDK12 FAM76B CDK13 KIF20B HSPA1B
3.0749753,-2.117225,Cluster 0,STAGA complex (GO:0030914),TAF6L TAF5L KAT2A TRRAP TADA3 TAF12 TADA1 TAF9 TAF10 SUPT7L SUPT3H
3.7626595,-2.5137274,Cluster 0,MLL1/2 complex (GO:0044665),TEX10 MCRS1 MGA SENP3 HCFC1 TAF1 LAS1L TAF9 PRPF31 TAF7 TAF6 TAF4
4.4819665,-2.9628692,Cluster 0,90S preribosome (GO:0030686),NOP14 HEATR1 RPS7 NOC4L NOC2L WDR46 KRI1 RPSA RSL1D1 CMSS1 NAT10 BMS1 RRP36 NOL10 UTP20 SRFBP1
3.8319147,-2.3125837,Cluster 0,mRNA cleavage and polyadenylation specificity factor complex (GO:0005847),CPSF6 CSNK1A1 CPSF7 CPSF2 CPSF1 CPSF4 CPSF3 ZC3H3 WDR33 CSTF2T NUDT21 FIP1L1 CPSF4L SSU72 PIP5K1A CSTF2 TUT1
4.592479,-2.8532093,Cluster 0,fibrillar center (GO:0001650),IMP4 RSAD2 CD3EAP BTBD10 PEX14 SMARCA5 ARHGAP32 DKC1 CD2BP2 CDK12 RAI14 UBE2N
5.3726783,-2.8880985,Cluster 0,cyclin-dependent protein kinase activating kinase holoenzyme complex (GO:0019907),CDK7 PUF60 ERCC2 CCNH HSPD1 KDM5A HOXC10
5.2910323,-2.7752593,Cluster 0,nuclear cyclin-dependent protein kinase holoenzyme complex (GO:0019908),RB1 CCNT2 CCNT1 CCNH BCCIP HSPD1 HOXC10 CDK9 SNW1 CDK7 PUF60 ERCC2 CDK12 TAF7 CDK13 KDM5A
2.977146,-1.6813205,Cluster 0,npBAF complex (GO:0071564),SMARCD1 SMARCC1 SMARCD3 SMARCC2 SMARCB1 PHF10 ACTL6A SMARCE1 ARID1A SMARCA2 SMARCA4
5.029967,-3.1004694,Cluster 0,small-subunit processome (GO:0032040),NOP58 NOP14 UTP18 UTP6 IMP3 IMP4 UTP11 UTP3 KRR1 NGDN RPS7 WDR36 DIEXF TBL3 NOL10 NOP56
3.1581101,-2.3867605,Cluster 0,intrinsic component of mitochondrial outer membrane (GO:0031306),FIS1 TOMM40 CPT1A DMPK ABCB6 MUL1 TOMM20L GDAP1 TOMM20 TOMM22 RHOT1 PINK1 RHOT2 FUNDC2 FUNDC1 MFN2 BNIP3 SLC25A44 BAK1 MGARP MFN1 TOMM7
4.9273596,-2.9494052,Cluster 0,nucleolus (GO:0005730),PCGF5 NGDN PIH1D1 RPL23 WDR75 CD3EAP UPF3B UPF3A WDR74 GTPBP4 EID3 SCD DDX39A DDX39B WDR82 RFX6 BMT2 RPL26 CIAPIN1 POP1 CEP85 FILIP1 RAN
2.760038,-1.8385487,Cluster 0,PRC1 complex (GO:0035102),PHC1 RNF2 CBX8 PHC3 CBX7 PHC2 CBX4 RING1 PCGF6 CBX2 BMI1 PCGF2
4.0590134,-2.842604,Cluster 0,Ino80 complex (GO:0031011),INO80C INO80E ACTR8 MCRS1 ACTL6A ACTR5 INO80 YY1AP1 UCHL5 RUVBL1 YY1 TFPT RUVBL2 NFRKB INO80B
3.2011178,-2.0727904,Cluster 0,spindle pole body (GO:0005816),TUBGCP2 TUBGCP3 NDC1 TUBGCP6 TUBGCP4 TUBGCP5
4.7417665,-2.4509366,Cluster 0,site of double-strand break (GO:0035861),SLF2 KDM4D PARP3 SLF1 H2AFX HUS1 RPA2 RAD50 SETMAR RNF169 RNF168 RAD51 PRPF19 ARTN RFWD3 APLF RAD18 MRE11
4.690041,-2.5106294,Cluster 0,Cajal body (GO:0015030),NOP58 TOE1 ANGEL2 HINFP SRRM2 WRAP53 ISG20 LSG1 HNRNPA2B1 PRPF4 PRPF3 CDK2 PRPF31 ZPR1 SNRPC
3.0807219,-1.1726623,Cluster 0,microtubule end (GO:1990752),NCKAP5L SVIL DST ABRAXAS2 NUMA1 SPAG5 DCTN1 SLAIN2 NAV3 CAMSAP1 CKAP5 CAMSAP2 CAMSAP3 ASPM CLIP2 KIF18B KNSTRN CLIP1 NIN CDK5RAP2 CLASP1 KIF2C
4.37792,-1.829924,Cluster 0,MLL3/4 complex (GO:0044666),PAGR1 PAXIP1 RBBP5 ASH2L KMT2D WDR5 KMT2C UTY DPY30 KDM6A KDM6B
3.1877632,-1.0587434,Cluster 0,microtubule minus-end (GO:0036449),ASPM SVIL NIN ABRAXAS2 NUMA1 CAMSAP1 CAMSAP2 CAMSAP3
2.9234054,-1.7071476,Cluster 0,SWI/SNF complex (GO:0016514),SMARCD1 SMARCC1 SMARCD2 RB1 SMARCD3 SMARCC2 SMARCB1 ACTL6A ACTL6B SMARCE1 ARID1A ARID1B SMARCA2 SMARCA4 NCR1
2.5994077,-1.4846146,Cluster 0,H3 histone acetyltransferase complex (GO:0070775),ING5 BRPF1 BRD1 BRPF3 MEAF6 KAT6B KAT6A
2.8926291,-1.5877621,Cluster 0,BAF-type complex (GO:0090544),SMARCD1 SMARCC1 SMARCD2 RB1 SMARCD3 SMARCC2 SMARCB1 PBRM1 PHF10 ACTL6A ACTL6B SMARCE1 ARID1A ARID1B SMARCA2 SMARCA4 NCR1
3.871768,-1.6645073,Cluster 0,nuclear inclusion body (GO:0042405),RANBP2 ATXN3 ARTN NUP98 TPR SLF1 PABPN1 RAD18 NUP153 STUB1 ATXN1
3.7387924,-1.1196362,Cluster 0,cyclin/CDK positive transcription elongation factor complex (GO:0008024),CDK9 RB1 SNW1 CCNT2 CCNT1 CDK12 TAF7 CDK13
2.4997313,-1.6012607,Cluster 0,chromatin silencing complex (GO:0005677),RRP8 BAHCC1 BAHD1 SUV39H1 BAZ2A TNRC18 SIRT1 SIRT2
3.6757395,-2.3638725,Cluster 0,nuclear ubiquitin ligase complex (GO:0000152),PHC1 CBX8 PHC3 CBX7 PHC2 UBE2C CBX4 RING1 PCGF6 CBX2 RBX1 CDC20 UBE2S BUB1B CDC16 ANAPC4 ANAPC5 ANAPC7 ANAPC1 ANAPC2 RNF222 MAD2L2
4.2305803,-2.6675773,Cluster 0,Swr1 complex (GO:0000812),ZNHIT1 RUVBL1 ING3 TRRAP KAT5 RUVBL2 ANP32E EP400 BRD8
3.8757598,-1.5677929,Cluster 0,P-body (GO:0000932),RC3H1 SAMD4B SAMD4A PNRC1 PNRC2 LIN28A CNOT7 CNOT8 CNOT1 CNOT2 PSMC2 CNOT3 AGO2 PSMC3 TOP1 DCP1B SQSTM1 AJUBA CNOT9 TNRC6A DCP1A
3.7245386,-2.3233373,Cluster 0,gamma-tubulin large complex (GO:0000931),MZT2B MZT2A CDK5RAP2 TUBGCP6 TUBGCP4 BRCA1 TUBGCP5 MZT1
3.9375768,-1.9403379,Cluster 0,nuclear body (GO:0016604),HEXIM2 CASP8AP2 FNBP4 ESX1 DNAAF1 TRIP4 PASD1 MED7 CHFR PHF5A HNRNPM RUFY1 DDX39A DDX39B NUP98 POLR3D SARNP YME1L1 HSPA1A CDK12 CDK13 RNF222 HSPA1B
3.8451831,-1.7485944,Cluster 0,nuclear periphery (GO:0034399),DNMT3A ACOD1 PRPF40A SMC1A POLA1 HNRNPM CENPF NUP93 NCOR2 GFI1B NUP98 MAPT SFPQ YEATS4 TEP1 NSMF TP53
2.9749923,-1.3280874,Cluster 0,microtubule plus-end (GO:0035371),NCKAP5L DST NUMA1 SPAG5 DCTN1 SLAIN2 CKAP5 CLIP2 KIF18B KNSTRN CLIP1 CDK5RAP2 CLASP1 KIF2C
2.8699846,-1.8852702,Cluster 0,Set1C/COMPASS complex (GO:0048188),BPTF SETD1A WDR5 SETD1B CXXC1 DPY30 HCFC1 USF1 RBBP5 WDR82 ASH2L DYDC2 DYDC1
4.966703,-2.637125,Cluster 0,anaphase-promoting complex (GO:0005680),ANAPC13 ANAPC15 ANAPC16 CUL7 UBE2C ANAPC10 ANAPC11 CDC20 CDC23 FZR1 UBE2S CDC26 BUB1B CDC16 CDC27 ANAPC4 ANAPC5 ANAPC7 ANAPC1 ANAPC2 MAD2L2
3.7778664,-1.4717484,Cluster 0,cytoplasmic stress granule (GO:0010494),MBNL1 NANOS3 TIA1 RBPMS RC3H1 LARP4B CIRBP PUM2 PUM1 LARP4 EIF2S1 LIN28A GIGYF2 CAPRIN1 ATXN2L LSM14A PABPC4 PABPC1 GRB7
3.7977045,-2.0755777,Cluster 0,ribonucleoprotein granule (GO:0035770),UPF2 RPS6 TUBB USP3 NFKBIZ LIG4 EID1 MYH1 CDK9 HNRNPL MAPT SARNP PSMC2 AGO3 RPL28 PABPC1 GRSF1 DCP1A CHTOP
2.6201282,-1.4637988,Cluster 0,MOZ/MORF histone acetyltransferase complex (GO:0070776),ING5 BRPF1 BRD1 BRPF3 MEAF6 KAT6B KAT6A
3.5063622,-1.335913,Cluster 0,sex chromosome (GO:0000803),PCGF5 PCGF3 H2AFY HNRNPU SMC6 SMC5
3.2395566,-2.2347474,Cluster 0,transcription factor TFTC complex (GO:0033276),TRRAP TAF12 TAF10 SUPT3H TAF5L KAT2A TADA3 TAF9 TAF7 TAF6 TAF5 TAF4 TAF9B TAF2
5.1356936,-2.8598185,Cluster 0,transcription factor TFIIIC complex (GO:0000127),GTF3C2 GTF3C3 GTF3C4 GTF3C5 GTF3C6 GTF3C1
3.1499038,-2.463838,Cluster 0,integral component of mitochondrial outer membrane (GO:0031307),FIS1 TOMM40 CPT1A DMPK ABCB6 MUL1 TOMM20L GDAP1 TOMM20 TOMM22 RHOT1 PINK1 RHOT2 FUNDC2 FUNDC1 BNIP3 SLC25A44 BAK1 MGARP MFN1 TOMM7
3.5451384,-2.4614294,Cluster 0,commitment complex (GO:0000243),UHMK1 PRPF39 SNRPD3 SNRNP70 SNRPD1 U2AF2 SNRNP35 SNRPC
4.652965,-3.198002,Cluster 0,preribosome (GO:0030684),WDR37 PPAN-P2RY11 IMP3 IMP4 NGDN RPS7 WDR74 RPSA WDR36 DIEXF BYSL NSA2 BOP1 CMSS1 LAS1L NAT10
2.9013493,-1.6170535,Cluster 0,beta-catenin-TCF complex (GO:1990907),PYGO2 LEF1 TLE4 BCL9 TLE3 TCF7L2 TLE1 LDB1 CTNNB1 TCF4 BCL9L
4.826479,-2.2568789,Cluster 0,spindle pole centrosome (GO:0031616),NPM1 SPOUT1 TBCCD1 NDE1 ABRAXAS2 NUMA1 AURKA EMD AURKC AURKB DLGAP5
4.773621,-3.0667315,Cluster 0,"preribosome, small subunit precursor (GO:0030688)",BYSL NOP14 LTV1 RIOK1 NOC4L TSR1 RIOK3 RIOK2 NOB1 UTP20
4.7421217,-2.8760262,Cluster 0,telomerase holoenzyme complex (GO:0005697),SMG5 NVL PTGES3 HNRNPU SMG6 SMG7 GNL3L LSM11 WRAP53 SNRNP40 HMBOX1 DKC1 SNRPD3 TERT NAT10 TEP1 GAR1 HNRNPC SNRPE NOP10 SNRPB NHP2
1.5124575,-0.48277253,Cluster 1,clathrin coat of endocytic vesicle (GO:0030128),HIP1 SGIP1 AP2B1 AP2A2 AP2A1 EGFR PICALM TBC1D5 HIP1R AP2S1 LDLRAP1 SLC18A3 AP2M1
1.3844992,-0.47673246,Cluster 1,clathrin adaptor complex (GO:0030131),HIP1 SGIP1 AP1S1 SYNRG AP2B1 AP2A2 AP2A1 EGFR PICALM AFTPH TBC1D5 AP1G2 HIP1R AP2S1 LDLRAP1 SLC18A3 AP2M1
1.4034752,0.92548794,Cluster 1,anchored component of plasma membrane (GO:0046658),NTNG2 NTNG1 RTBDN PRNP CD160 GP1BA IZUMO1R RGMB PRSS41 EFNA1 RTN4RL1 RTN4RL2 GAS1 MELTF ULBP1 ULBP3 FOLR3 FOLR2 ULBP2 CD24 FOLR1
0.4545963,0.83383214,Cluster 1,clathrin-coated endocytic vesicle (GO:0045334),SFTPB SFTPC CD74 WNT5A SFTPD RAB35 CD9 CD207 HLA-DRA HLA-DQB1 ROR2 HLA-DQB2
1.5484912,2.267065,Cluster 1,contractile actin filament bundle (GO:0097517),SEPT11 SEPT12 NEBL TPM4 TPM3 ACTN1 SORBS1 SHROOM4 LIMA1 PTK2 ACTA1 LCP1 TEK MYH9 ZYX FSCN1 DAAM1
0.95066035,1.2193911,Cluster 1,pigment granule (GO:0048770),TYRP1 PMEL ITGB3 SYTL2 MYO5A RAB27A SYTL1 HPS4 RAB27B TYR SGSM2 GPR143 RAB32 TMEM33 MLANA RAB38 DCT RAB9A RAB17 RAB29 GCHFR
2.5028396,1.7874736,Cluster 1,intermediate filament (GO:0005882),DSP KRT71 CSNK1A1 KRT5 KRT4 KRT3 KRT2 KRT14 KRT13 KRT8 KRT7 KRT10 KRT76 KRT75 VMAC CLIP1 KRT18 KRT16 VIM PKP2 NES EPPK1 PKP1 SHANK2
1.2166866,0.28705633,Cluster 1,cytoplasmic vesicle membrane (GO:0030659),TOR1A AP1S1 AHNAK2 AP1B1 TMEM173 LNPEP MFSD10 VOPP1
1.055762,1.0828592,Cluster 1,multivesicular body membrane (GO:0032585),CD63 LAPTM4B ATP13A2 PMEL RAB27A RAB27B NSG2
0.5935841,0.76128185,Cluster 1,anchored component of external side of plasma membrane (GO:0031362),RTBDN RTN4R PRNP GP1BA IZUMO1R THY1 EFNA5 PRND PKHD1 CA4 HYAL2 CD59 CD14 FOLR3 FOLR2 CD24 FOLR1 GPIHBP1
1.6075387,1.5781666,Cluster 1,COPI-coated vesicle membrane (GO:0030663),COPA COPB2 COPB1 ARFGAP2 ARCN1 COPZ2 ARFGAP3 TMEM199 COPZ1 COPG1 TMED3 COPG2 SCYL1 TMED7 C3ORF58 COPE
1.5325321,-0.50221807,Cluster 1,AP-2 adaptor complex (GO:0030122),HIP1 SGIP1 AP2B1 AP2A2 AP2A1 EGFR PICALM TBC1D5 HIP1R AP2S1 LDLRAP1 SLC18A3 AP2M1
2.104204,1.2468393,Cluster 1,Golgi medial cisterna (GO:0005797),TMEM59 YIPF1 YIPF2 GOSR1 YIPF6 MAN2A1 B3GALT6 HID1
0.87113094,1.1655958,Cluster 1,platelet alpha granule membrane (GO:0031092),SPARC ITGA2B APLP2 ITGB3 LHFPL2 SYTL4 SELP TMX3 CD9 CD109 PCDH7 PECAM1 PHACTR2 CD36 LY6G6F CYB5R1 SNCA
0.48388895,1.0582645,Cluster 1,multivesicular body (GO:0005771),SFTPB SFTPC NAPSA ATP13A2 SFTPD RAB27A RAB27B NSG2 PGA4 RAB11A PGA3 BACE1 PGA5 BST2 ZP2 SFTPA1 SFTPA2 STEAP3 TPT1
1.3738977,-0.12703982,Cluster 1,endolysosome membrane (GO:0036020),AP2B1 CLTC CLEC16A CLTA PCSK9 AP2A2 AP2A1 TLR9 AP2S1 TLR8 TLR7 LDLR TLR3 AP2M1
1.4125769,2.0666323,Cluster 1,clathrin-coated endocytic vesicle membrane (GO:0030669),FZD2 FZD4 CD74 HLA-DRB5 FZD5 WNT5A AP2B1 CD9 CD207 HLA-DRA HLA-DQB1 HLA-DPB1 ROR2 HBEGF HLA-DRB4 HLA-DRB3 HLA-DQB2 HLA-DRB1
0.9209582,2.0019252,Cluster 1,perinuclear region of cytoplasm (GO:0048471),EPHA5 CHGA ACSL3 ACTN4 MX1 CIDEB MMD2 AMFR MEX3D GTPBP4 MT1A SHTN1 APC MT1B HSPA1A MT1G MT1H ANP32D KIF20B ANP32C OBSL1 MT1E TRIM13 HSPA1B MT1F
1.2928393,0.6472768,Cluster 1,Golgi membrane (GO:0000139),B3GALNT1 AP1S1 SCAMP2 TMEM79 OPTN
1.6873509,1.5938317,Cluster 1,COPII vesicle coat (GO:0030127),SEC24A SEC24C SEC24B SEC13 SAR1A SEC23A PDCD6 KLHL12 PEF1 SEC31A SEC24D TMED7 SEC31B
0.8483907,0.6656405,Cluster 1,endocytic vesicle (GO:0030139),RAB34 RAB31 RAB32 RAB38 RAB35 CD207
1.3223969,1.3397163,Cluster 1,endoplasmic reticulum-Golgi intermediate compartment (GO:0005793),PTPN2 NAT8B IST1 HSPA5 CCDC115 FN1 TAP1 TICAM2 YIF1A YIF1B TAPBP RGMB CNIH1 CNIH2 RAB37 TBC1D20 COL7A1 COPG1 MPPE1 COPG2 CNIH3 CALR CNIH4 ERGIC1
1.5975577,2.2692482,Cluster 1,invadopodium (GO:0071437),ITGB1 MSN ITGA3 DPP4 PAK1 PDPN FAP RUFY3 FSCN1 WASHC1 NOX1 EZR
2.447881,1.7629803,Cluster 1,lamellar body (GO:0042599),SFTPB SPINK5 SFTA3 SFTPC ABCA3 KRTDAP NAPSA SFTPD KLK5 KLK7 CKAP4 ABCA12 CTSH SFTPA1 SFTPA2
1.441307,1.5224539,Cluster 1,COPII-coated ER to Golgi transport vesicle (GO:0030134),SEC24A SEC24C CD74 SEC24B SEC13 SEC16B SEC16A DDHD2 TICAM2 YIF1A YIF1B CNIH1 CNIH2 COL7A1 HLA-DRA HLA-DQB1 CNIH3 SEC24D HLA-DQB2
1.131617,1.4724001,Cluster 1,endoplasmic reticulum-Golgi intermediate compartment membrane (GO:0033116),TMED9 NAT8B TAP1 TM6SF2 F5 TAPBP AZIN2 TMEM199 F8 NAT8 CNIH1 CNIH2 GORASP1 TBC1D20 COL7A1 CNIH3 CALR SEC22B FOLR1
1.4223447,2.0610385,Cluster 1,lamellipodium membrane (GO:0031258),ANTXR1 PDPN ITGB3 SLC39A6 ITGAV ANAPC2 CD44 SYNE2
1.5989784,2.0788524,Cluster 1,pseudopodium (GO:0031143),VAMP7 ACTN4 ACTN3 MSN ACTN2 RAB25 ACTN1 F2RL1 CAPN2
1.0009035,1.204027,Cluster 1,trans-Golgi network transport vesicle (GO:0030140),IGF2R TMED10 TMED9 FURIN RASSF9 RAB27B RAB13 RAB14 TGOLN2 RAB8A GOPC STEAP2 ATP7A RAB8B SPG21
1.4659038,2.1915882,Cluster 1,stress fiber (GO:0001725),SEPT11 SEPT12 NEBL TPM4 TPM3 ACTN1 SORBS1 SHROOM4 LIMA1 PTK2 ACTA1 LCP1 TEK MYH9 ZYX FSCN1 DAAM1
1.8806536,2.0644786,Cluster 1,filopodium membrane (GO:0031527),ITGA3 ITGB3 SYNE2 ANTXR1 GAP43 PDPN PALM ITGAV DMD UTRN ARF6 TBC1D10C
1.189952,1.9457395,Cluster 1,focal adhesion (GO:0005925),RPL22 ACTN4 ACTN3 ACTN2 NUP214 RPL23 ACTN1 AFAP1 L1CAM HNRNPK MARCKS LAP3 TRIP6 CD9 ARMC5 VIM HSPA1A RPL27 EPHA2 TLN2 TLN1 PFN1 HSPA1B
1.036672,0.4040007,Cluster 1,secretory granule lumen (GO:0034774),UNC13D EGF ACTN4 ACTN2 ACTN1 ARMC8 GTPBP2 MAPK14 GALNS CRISPLD2 TOLLIP PSMC2 PSMC3 SLPI GLA NHLRC2 NHLRC3 CDA
2.265129,2.4397883,Cluster 1,zonula adherens (GO:0005915),KIFC3 JUP SORBS1 PLEKHA7 CAMSAP3
0.92847824,1.2248632,Cluster 1,melanosome (GO:0042470),TYRP1 PMEL ITGB3 SYTL2 MYO5A RAB27A SYTL1 HPS4 RAB27B TYR SGSM2 GPR143 RAB32 TMEM33 MLANA RAB38 DCT RAB9A RAB17 RAB29 GCHFR
1.7718246,2.1901646,Cluster 1,caveola (GO:0005901),CAVIN1 CAVIN2 CAV3 CAVIN3 CAV2 MYOF CAVIN4 CAV1 PTCH1 EMP2 TGFBR2 FXYD1 ADTRP BMPR1A
1.4876356,2.2130806,Cluster 1,actomyosin (GO:0042641),SEPT11 SEPT12 TPM4 TPM3 ACTN1 SHROOM4 CDC42BPB CDC42BPA ACTA1 LCP1 TEK MYH9 ZYX
1.7697918,1.4292469,Cluster 1,COPI-coated vesicle (GO:0030137),TMED10 CCDC115 TMED2 AP3B2 ARFGAP2 ARCN1 ARFGAP3 TMEM199
1.5465944,1.5436542,Cluster 1,vesicle coat (GO:0030120),SEC24A SEC24C SEC24B SEC13 ARFGAP2 ARCN1 COPZ2 ARFGAP3 COPZ1 NECAP1 NECAP2 COPG1 PEF1 COPG2 SEC24D COPE
0.8887975,1.1658868,Cluster 1,platelet dense granule membrane (GO:0031088),ABCC4 CD63 SELP LAMP2 RAB27B ITPR1
1.0336294,0.9342077,Cluster 1,recycling endosome membrane (GO:0055038),PDIA3 FZD7 HLA-C NSG1 HLA-A HLA-B SCAMP2 HLA-G RAB11A SCAMP1 RAP2A RAB11B HLA-E EHD1 HLA-F EHD2 CLIP3 RAB12 EHD3 EHD4 RAP2B SLC9A6 VAMP8 RAP2C SLC9A7 RAB35 RAB14 RAB17 VAMP3 ARF6 OPTN
1.6114358,1.5815688,Cluster 1,COPI vesicle coat (GO:0030126),COPA COPB2 COPB1 ARFGAP2 ARCN1 COPZ2 ARFGAP3 COPZ1 COPG1 TMED3 COPG2 SCYL1 TMED7 C3ORF58 COPE
1.0679235,0.64343286,Cluster 1,gamma-secretase complex (GO:0070765),APH1B APH1A PSENEN TMED10 PSEN1 NCSTN
0.6129243,1.000297,Cluster 1,early endosome membrane (GO:0031901),ANXA1 CAV1 DKK1 RUFY1 MARCH1 RABEP1 ZFYVE16 RAB31 SLC9A6 PIKFYVE WDR81 CD207 EPHA4
0.842252,1.2330091,Cluster 1,serine/threonine protein kinase complex (GO:1902554),UVRAG ACVR1 TRIM40 CHUK PHKA2 PHKB PHKA1 TGFBR1 TGFBR2 DAB2 PYDC1 ENG MAP3K13
2.3138032,-0.9222636,Cluster 1,cell cortex region (GO:0099738),GPSM2 ANLN EPB41 EPB41L2 NUMA1 CTSZ ENO1 DCTN1 GNAI1 ACTR1A MYL12B
1.4609461,1.4674768,Cluster 1,ER to Golgi transport vesicle membrane (GO:0012507),SEC24A SEC24C CD74 SEC24B SEC13 SEC16B SEC16A CNIH1 CNIH2 HLA-DRA HLA-DQB1 CNIH3 SEC24D HLA-DQB2
1.563477,1.0801102,Cluster 1,Golgi-associated vesicle (GO:0005798),CCDC115 OCRL AP3B2 DDHD2 TICAM2 TYR YIF1A YIF1B COL7A1 STEAP2
1.3583269,1.615458,Cluster 1,perinuclear endoplasmic reticulum (GO:0097038),SYT6 BCAP31 OSBPL7 OSBPL6 OSBPL3 ADAM10 CAPN2 TRIM13
1.2425702,1.0182418,Cluster 1,integral component of lumenal side of endoplasmic reticulum membrane (GO:0071556),CD74 BCAP31 HLA-DRB5 HLA-C HLA-A HLA-B HLA-G TAPBP HLA-E HLA-F CANX HLA-DRA HLA-DQB1 HLA-DPB1 CALR HLA-DRB4 HLA-DRB3 HLA-DQB2 HLA-DRB1
2.4474523,1.8433858,Cluster 1,intermediate filament cytoskeleton (GO:0045111),CARMIL2 KRT5 SYCE1L KRT4 KRT3 KRT2 KRT14 KRT13 KRT8 KRT7 CTNS KRT10 SMARCA2 CLK3 PJA2 DES NSFL1C MMP14 KRT18 KRT17 KRT16 VIM PKP2 NES PLEC PKP1 S100A8
0.3871468,0.8118694,Cluster 1,late endosome lumen (GO:0031906),SFTPB SFTPC NAPSA CTSH IL12B IL12A PGA4 PGA3 PGA5
2.4506633,1.8079625,Cluster 1,keratin filament (GO:0045095),KRT82 KRT71 CSNK1A1 KRT5 KRT4 FBF1 KRT3 KRT14 KRT13 KRT84 TCHP FAM83H KRT18 GPER1 EPPK1
2.1726398,2.5029423,Cluster 1,cortical actin cytoskeleton (GO:0030864),GSN RDX LANCL2 SHROOM3 TRPV4 SHROOM4 MYRIP SHROOM1 SHROOM2 DCDC2 EEF1A1 HIP1R RAPGEF3 MYZAP MYADM
1.6732533,1.5982819,Cluster 1,Golgi stack (GO:0005795),TRAPPC4 NSF PLK3 GALNT2 GOLPH3L COG2 OCRL VRK1 RAB27B MARCH9 SORL1 RAB30 MARCH4 RAB34 GOLPH3 TMBIM4 GOLGB1 RAB14 USO1 GGTA1P
2.179948,1.9525064,Cluster 1,catenin complex (GO:0016342),JUP SMAD7 APC ARMC7 CDH10 CDH11 CDH12 CDH13 CDH15 CDH18 CDH19 ANAPC2
0.8825248,0.48200414,Cluster 1,trans-Golgi network (GO:0005802),ATG9A RBFOX1 YIPF1 CD74 YIPF2 AP1S1 YIPF6 STX8 GOLPH3L OCRL AP1B1 TAS2R16 SCAMP2 RAB30 SCAMP1 KLHL20 PLEKHA8 FAM91A1 RAB31 RAB32 SLC9A7 RAB38 TMEM79 TGFBI CORO7 GOLT1A TBC1D23 GSAP PI4K2B OPTN PI4K2A
0.848728,1.79546,Cluster 1,rough endoplasmic reticulum (GO:0005791),EPHA5 FKRP SFTPD F12 SUCO CKAP4 LIN28A TMCC1 RAB14 SFTPA1 SFTPA2 RANGRF
1.6744814,0.6516687,Cluster 1,clathrin coat (GO:0030118),NECAP1 NECAP2 CLTC CLTB KCNQ5 CLTA
2.2347345,2.522913,Cluster 1,cortical cytoskeleton (GO:0030863),GSN RDX LANCL2 SHROOM3 TRPV4 SHROOM4 MYRIP SHROOM1 SHROOM2 DCDC2 EEF1A1 RAPGEF3 NSMF MYZAP MYADM
0.3262427,0.87473404,Cluster 1,multivesicular body lumen (GO:0097486),SFTPB SFTPC NAPSA CTSH PGA4 PGA3 PGA5
0.36543992,0.6413855,Cluster 1,insulin-responsive compartment (GO:0032593),RAB4B RAB10 DENND4C RAB13 MYO5A SLC2A4 RAB4A
0.768498,1.0493298,Cluster 1,intrinsic component of external side of plasma membrane (GO:0031233),RTBDN RTN4R F10 PRNP GP1BA IZUMO1R THY1 EFNA5 PRND PKHD1 CA4 HYAL2 CEACAM5 ADAM9 CD59 CD14 FOLR3 FOLR2 CD24 FOLR1 GPIHBP1 CNTN1
2.4425032,2.4167325,Cluster 1,polymeric cytoskeletal fiber (GO:0099513),DYNC2H1 KRT5 KRT4 ACTN3 ACTN2 KRT3 ACTN1 KRT2 KRT8 KRT7 CCT6A APC KATNAL2 KATNAL1 VIM TEK KIF20A KIF20B
1.1513146,1.73216,Cluster 1,endocytic vesicle lumen (GO:0071682),SPARC HSP90AA1 HBB HBA1 HPX HSP90B1 HSPH1 GNLY DLC1 APOA1 HYOU1 SCGB3A2 APOE SAA1 CALR LTF PGLYRP1 APOB
1.448178,2.1674726,Cluster 1,platelet alpha granule lumen (GO:0031093),TGFB1 EGF TGFB3 TGFB2 SRGN ACTN4 ACTN2 ACTN1 VEGFC FN1 VEGFD GTPBP2 VEGFA VEGFB MMRN1 ALB NHLRC2 PCYOX1L PF4 ALDOA GAS6 HRG
1.7096262,2.0168777,Cluster 1,endoplasmic reticulum lumen (GO:0005788),CHGB COL24A1 SERPIND1 P3H2 EVA1A P3H1 COL1A2 COL1A1 IL23A COL9A2 COL9A1 SPARCL1 COL9A3 MXRA8
1.3190371,1.157726,Cluster 1,endoplasmic reticulum quality control compartment (GO:0044322),EDEM1 EDEM2 ERLEC1 RHBDD1 EDEM3 MAN1B1 SYVN1 DZIP3 ASGR2
1.927203,1.195668,Cluster 1,Golgi trans cisterna (GO:0000138),TMEM59 B4GALT1 YIPF1 YIPF2 SGMS1 YIPF6 HID1
1.2113091,1.5864303,Cluster 1,lipid droplet (GO:0005811),HSD3B7 ANXA2 ACSL3 CAV1 RSAD2 CIDEB CIDEC TSC1 ACSL4 CIDEA CTDNEP1 FAAH2 LDAH RAB7A
1.8381165,2.1000824,Cluster 1,FACIT collagen trimer (GO:0005593),COL16A1 COL14A1 COL12A1 COL9A2 COL9A1 COL9A3
1.4662781,2.1532571,Cluster 1,platelet alpha granule (GO:0031091),TGFB1 EGF TGFB3 TGFB2 SRGN ACTN4 ACTN2 APLP2 ACTN1 VEGFC FN1 VEGFD LHFPL2 GTPBP2 SYTL4 VEGFA VEGFB TMX3 MMRN1 ALB CD9 PECAM1 NHLRC2 PCYOX1L PF4 ALDOA GAS6 HRG
1.0433128,0.6478159,Cluster 1,clathrin vesicle coat (GO:0030125),NECAP1 NECAP2 CLTB NCALD CLTA AP2A1
1.5678037,1.5790483,Cluster 1,integral component of Golgi membrane (GO:0030173),CSGALNACT2 CSGALNACT1 SYT4 ENTPD4 GALNT2 TVP23A SYS1-DBNDD2 TVP23B SLC39A13 TVP23C YIF1A YIF1B CASD1 ACER3 ACER2 B4GAT1 UNC50 TPST1 TBC1D20 RER1 STEAP2
2.3412042,1.4537959,Cluster 1,ruffle membrane (GO:0032587),ITGA5 PLEKHA1 TRPV4 BMX NME1 EEF1A1 APC FAP SPATA13 HIP1R JCAD ARHGEF2
-1.2445127,-0.78894764,Cluster 2,phagocytic vesicle (GO:0045335),ANXA3 TAP1 TAPBP ATG12 RAB34 RAB31 RAB32 RAB38 TLR9 NCF1 ADAM8 TLR7 PIK3C3 CALR RAB7A RAB7B
0.71003145,0.041468695,Cluster 2,lytic vacuole membrane (GO:0098852),STARD3 SLC12A4 EGF ATP6V1E1 AP1S1 ANKFY1 AP1B1 MYO7A CTNS LNPEP MFSD12 ZFYVE26 GDAP2 RRAGB ZFYVE16 RRAGA OSTM1 TMEM79 WDR81 PI4K2B TECPR1 PI4K2A
-0.7633062,-0.74260575,Cluster 2,death-inducing signaling complex (GO:0031264),CASP8 FAF1 CASP10 FAS TRADD CFLAR FADD RIPK1
0.39220735,-0.50525576,Cluster 2,endosomal part (GO:0044440),USP8 ANKRD27 PRLR ANXA1 TRAPPC5 TRAPPC10 AP4B1 RBSN GH1 GH2 WDR81 SNX16
-0.84740657,-1.0390251,Cluster 2,actin cortical patch (GO:0030479),HIP1 WIPF1 WIPF2 WIPF3 HIP1R WAS WASL
-1.1343472,-0.59063196,Cluster 2,vacuolar lumen (GO:0005775),UNC13D LUM CD74 IST1 GCA DEFA3 DEFA1 KERA PRSS57 GALNS TOLLIP NAAA S100A7 CSPG5 GLA NHLRC3 CSPG4 AGRN FRK
-1.1166438,-1.0183542,Cluster 2,ficolin-1-rich granule membrane (GO:0101003),PTPRN2 RHOA CD300A SIGLEC14 NBEAL2 LILRB2 ATAD3B DYNC1LI1 CLEC4C CLEC4D DOK3 C16ORF62 SIGLEC5 DSG1 ARL8A ADAM8 DSC1 PKP1
-1.1632366,-0.6024678,Cluster 2,IkappaB kinase complex (GO:0008385),PYCARD IKBKB TRIM40 PRDX3 CHUK PYDC1 IFIT5 ERC1 MAP3K7 IKBKG MAP3K13
0.7562189,-0.044581704,Cluster 2,late endosome membrane (GO:0031902),STARD3 ANXA2 ATP13A2 ANXA6 MARCH1 PIKFYVE SLC9A9 WDR81 HLA-DRA RAB7A RAB7B
-1.0478042,-0.50654614,Cluster 2,specific granule lumen (GO:0035580),GSDMD MMP8 JUP AOC1 GGH DEFA4 ARMC8 ILF2 LYZ OSCAR OLFM4 TOLLIP SLPI PTPN6 DOCK2 CHI3L1 GHDC FRK
-1.0944208,-0.5125398,Cluster 2,IPAF inflammasome complex (GO:0072557),CASP12 CASP4 CASP5 CARD18 NLRC4 CASP1
0.5613083,0.09471581,Cluster 2,clathrin-coated vesicle membrane (GO:0030665),EGF CD74 AVPR2 HSPA8 WNT5A NECAP1 TF NECAP2 CD4 RAB35 CD9 DNAJC5 CD207 HLA-DRA HLA-DQB1 ROR2 HLA-DQB2
0.69239473,0.037344385,Cluster 2,lysosomal membrane (GO:0005765),STARD3 SLC12A4 EGF ATP6V1E1 AP1S1 ANKFY1 AP1B1 MYO7A CTNS LNPEP MFSD12 ZFYVE26 GDAP2 RRAGB ZFYVE16 RRAGA OSTM1 TMEM79 WDR81 PI4K2B TECPR1 PI4K2A
-0.7641412,-1.0204803,Cluster 2,secretory vesicle (GO:0099503),RAB3D UNC13D DOC2B DOC2A SYTL2 RAB27A SYTL1 IGF1 SYTL5 NKD2 SYTL4 SYTL3 RAB10 DPYSL3 SYT10 DYNLT1
-0.89538044,-0.28609478,Cluster 2,primary lysosome (GO:0005766),HEXA STXBP2 SNAP23 HEXB STX7 DEFA4 ANXA11 MPO AZU1 STX3
0.97616947,-0.40938917,Cluster 2,recycling endosome (GO:0055037),ATG9A USP6 STX8 ATP11C ATP11B ATP11A SCAMP2 SCAMP1 SLC9A6 SLC9A7 RAB35 SLC9A9 GPR161 ABCG1 TUBGCP4 ULK1 OPTN RAN
-1.3712507,-0.88795424,Cluster 2,cytoplasmic vesicle lumen (GO:0060205),GSN AGL DEFA5 GCG HUWE1 MAPK14 EEF1A1 PPIA CRISPLD2 PSMC2 PSMC3 SCG3 S100A9 PPIE CDA GHDC S100A8 FCN1
-1.0625124,-0.58235973,Cluster 2,NLRP3 inflammasome complex (GO:0072559),PYCARD GSDMD DHX33 CASP12 CASP4 CASP5 NLRP3 CARD18 CARD8 CASP1
-1.1463499,-0.95706403,Cluster 2,tertiary granule membrane (GO:0070821),HGSNAT CHRNB4 CD300A SIGLEC14 NBEAL2 LILRB2 MCEMP1 ATP11A TMC6 CLEC4C RAP2B CLEC4D CEACAM1 RAP2C CEACAM8 PTPRB SIGLEC5 ADAM8
0.5389222,-0.71414083,Cluster 2,intrinsic component of the cytoplasmic side of the plasma membrane (GO:0031235),RASA4B RASAL1 RASAL2 RASAL3 SPTB DAB2IP RASA1 SPTA1 SYNGAP1 RASA4 NPHS2 MIEN1 RASA2 RASA3 NF1
0.053917386,0.07107396,Cluster 2,endosome lumen (GO:0031904),CTSB PRLR AP4B1 LNPEP GH1 GH2 LGMN
0.33016637,0.27271786,Cluster 2,endolysosome (GO:0036019),CTSB AP2B1 CLTC CLEC16A CLTA PCSK9 AP2A2 AP2A1 CTSS CTSL CTSK LGMN TLR9 AP2S1 TLR8 TLR7 HRG LDLR TLR3 AP2M1
0.33845785,-0.66206247,Cluster 2,clathrin coat of trans-Golgi network vesicle (GO:0030130),AFTPH AP1G2 AP1S1 SYNRG NCALD LDLRAP1 AP2A1 SLC18A3
-0.77733546,-1.0895981,Cluster 2,exocytic vesicle (GO:0070382),UNC13D DOC2B DOC2A SYTL2 RAB27A SYTL1 IGF1 SYTL5 NKD2 SYTL4 SYTL3 PICALM RAB10 DPYSL3 SYT10 RAB6A
-1.2631276,-0.93923223,Cluster 2,ficolin-1-rich granule (GO:0101002),PTPRN2 GSN KRT1 CD300A AGL NBEAL2 PDAP1 HUWE1 ILF2 ATAD3B MAPK14 DYNC1LI1 CLEC4C EEF1A1 CLEC4D PPIA DOK3 CRISPLD2 PSMC2 PSMC3 HSPA1A ARL8A ADAM8 CDK13 DSC1 YPEL5 PKP1 PPIE CDA HSPA1B FCN1
-0.68709373,-0.5032891,Cluster 2,early endosome (GO:0005769),ANKFY1 LNPEP DKK1 RUFY1 ZFYVE16 CD4 WDR81 CD207 RIN3 EPHA4 VPS28 EPHA3
-1.017254,-0.49990878,Cluster 2,membrane raft (GO:0045121),CAVIN1 CAVIN2 ARID3A ARID3C MALL CD4 FAS TEK MYADM PI4K2A
-0.91188085,-0.9777166,Cluster 2,endocytic patch (GO:0061645),HIP1 WIPF1 WIPF2 WIPF3 HIP1R WAS WASL
-1.2516358,-0.6798248,Cluster 2,azurophil granule (GO:0042582),UNC13D IST1 GCA DEFA3 DEFA4 DEFA1 ATP11B PRSS57 GALNS RAB37 TOLLIP S100A7 ARL8A GLA NHLRC3 CD68 FRK
0.08226143,-0.19345473,Cluster 2,extrinsic component of endosome membrane (GO:0031313),SNX5 USP8 ANXA1 WDR91 WDR81 SNX16 SNX10
-0.86527884,-1.0015008,Cluster 2,autophagosome membrane (GO:0000421),GABARAP GABARAPL3 GABARAPL2 SH3GLB1 GABARAPL1 STX17 WIPI1 MAP1LC3B2 MAP1LC3A MAP1LC3C MAP1LC3B ATG16L2 ATG16L1 WDR81 PRKD1 ULK1 TECPR1 VMP1
0.9111736,-0.48255962,Cluster 2,autophagosome (GO:0005776),ATG9A SH3GLB1 ATP13A2 HSPA8 NCOA4 ATG9B WIPI1 MAP1LC3B2 WIPI2 ATG14 ATG12 ATG16L2 ATG16L1 WDR81 TBC1D25 ULK1 WDFY3 PIK3C3 SQSTM1 TECPR1
-1.2044832,-0.92269206,Cluster 2,tertiary granule (GO:0070820),PTPRN2 CHRNB4 CD300A NBEAL2 ARMC8 MCEMP1 ILF2 ATP11A ATAD3B FLG2 OSCAR DYNC1LI1 CLEC4C CLEC4D DOK3 OLFM4 ARL8A ADAM8 DSC1 PTPN6 YPEL5 PKP1 CDA
-0.25383613,-0.5870693,Cluster 2,integral component of endoplasmic reticulum membrane (GO:0030176),G6PC CD74 DOLPP1 AMFR TAP1 ERN1 DPM3 STIM1 SELENOS DNAJB12 PREB DHCR7 RETREG1
-0.057434026,-0.08842994,Cluster 2,trans-Golgi network membrane (GO:0032588),CD74 AP1S1 GOLPH3L AP1B1 SCAMP2 MARCH1 RAB31 TMEM79 HLA-DRA HLA-DQB1 HLA-DQB2
0.9705464,-0.41945252,Cluster 2,pre-autophagosomal structure (GO:0000407),ATG9A BECN1 BECN2 PLEKHF1 PLEKHF2 TRAPPC8 ATG9B WIPI1 WIPI2 ZFYVE1 STX12 ATG13 C6ORF106 NBR1 ATG101 ATG2B ULK3 ATG2A ULK2 ULK1 PIK3C3 ATG7 VMP1
-1.249737,-0.8604175,Cluster 2,secondary lysosome (GO:0005767),NCF2 NCF4 NCOA4 LRRK2 MAP1LC3A CRHBP LAMP2 FTH1 NCF1 ADAM8 PIK3C3 SQSTM1 FTL
-0.3015757,-0.39254764,Cluster 2,integral component of nuclear inner membrane (GO:0005639),ANKLE1 MAJIN LEMD3 LEMD2 P2RX7 P2RX6 P2RX5 P2RX4 P2RX3 P2RX2 P2RX1 LBR
0.75601506,-0.22639447,Cluster 2,late endosome (GO:0005770),ATG9A UVRAG STARD3 ANKRD27 STX8 CTNS SLC9A9 WDR81 STEAP3
-0.8768194,-0.5952259,Cluster 2,early phagosome (GO:0032009),SNX3 UNC93B1 SYK SYT11 TLR9 TLR7 SYT7
-1.2247732,-0.7702992,Cluster 2,azurophil granule membrane (GO:0035577),CMTM6 NFAM1 NDUFC2 AZU1 ATP11B BST2 RAB37 CEACAM8 CEACAM6 DNAJC5 ARL8A CD68
-1.2654874,-0.8002694,Cluster 2,specific granule (GO:0042581),CHRNB4 AOC1 DEFA4 ARMC8 MCEMP1 ILF2 ATP11A SCAMP1 OSCAR CLEC4D OLFM4 RAB37 TOLLIP SLPI ADAM8 DEGS1 PTPN6 GHDC FRK
-0.11983976,-0.63165396,Cluster 2,post-mRNA release spliceosomal complex (GO:0071014),XAB2 GCFC2 SNW1 ISY1 SYF2 DHX15 LIME1 TFIP11 CRNKL1
1.1570145,-0.43368894,Cluster 2,flotillin complex (GO:0016600),CDH1 FLOT2 LRP4 FLOT1 SLC6A3 CBL CORO1C
0.10443721,0.3119573,Cluster 2,vacuolar proton-transporting V-type ATPase complex (GO:0016471),ATP6V0C SPAAR ATP6V0B ATP6V0D1 CCDC115 TCIRG1 TMEM199 ATP6V0A4 ATP6V0D2 ATP6V1F ATP6V1C1 ATP6V1H ATP6V1B1 ATP6V0A1 ATP6V1C2 ATP6V0A2
-0.85109454,-0.49172246,Cluster 2,AIM2 inflammasome complex (GO:0097169),PYCARD AIM2 CASP12 CASP4 CASP5 CARD18 CASP1
-1.2689782,-0.8437764,Cluster 2,specific granule membrane (GO:0035579),HGSNAT CHRNB4 CMTM6 MCEMP1 ATP11A TMC6 SCAMP1 TNFRSF1B TMBIM1 CEACAM3 RAP2B BST1 CLEC4D CEACAM1 RAB37 CEACAM8 PTPRB DNAJC5 ADAM8 MS4A3 DEGS1
0.8258309,0.229177,Cluster 2,mitochondrial outer membrane (GO:0005741),STARD7 AGK BAD AOC1 ACSL1 RSAD2 SPATA16 PINK1 SPATA18 RAB32 CYP24A1 IFI27 BAX ULK1 RAF1
-0.45959073,-0.5078936,Cluster 2,MHC protein complex (GO:0042611),CD74 HLA-DRB5 HLA-C HLA-A HLA-B HLA-E HLA-DMB HLA-DRA HLA-DPA1 HLA-DQB1 HLA-DPB1 HLA-DOB HLA-DMA HLA-DRB3 HLA-DOA HLA-DQA1 HLA-DQB2 HLA-DRB1
0.1866301,0.21059886,Cluster 2,lysosomal lumen (GO:0043202),CTSB CTSA FUCA1 LUM CD74 HSP90AA1 ATP13A2 HSPA8 KERA GALNS VCAN NPC2 OGN NAAA MAN2B2 CSPG5 GLA MAN2B1 CSPG4 AGRN
-0.47451097,-0.3867229,Cluster 2,CD40 receptor complex (GO:0035631),IKBKB CD40 TRAF5 DIABLO CHUK TRAF6 HTRA2 TRAF3 BIRC2 TANK RNF31
-0.5013343,-0.5209046,Cluster 2,MHC class II protein complex (GO:0042613),CD74 HLA-DRB5 HLA-DMB HLA-DRA HLA-DPA1 HLA-DQB1 HLA-DPB1 HLA-DOB HLA-DMA HLA-DRB3 HLA-DOA HLA-DQA1 HLA-DQB2 HLA-DRB1
0.9463703,-0.5899293,Cluster 2,PML body (GO:0016605),MLIP CASP8AP2 UBE2I CBX5 ZBTB16 HIPK2 SIRT1 KLHL20 CHFR PML SENP2 CDK9 SKI ELF4 ARTN KAT6A TRIM16 WDFY3 SQSTM1 MRE11 LRCH4 ATR RNF222 TP53
0.87438476,-0.184575,Cluster 2,clathrin-coated vesicle (GO:0030136),UNC13D EGF WNT5A OCRL SCAMP1 MALL CD4 RAB35 HIP1R STEAP2
0.4086206,-0.0206582,Cluster 2,lysosome (GO:0005764),STARD3 UNC13D EGF LUM AP1S1 ANKFY1 LNPEP ZFYVE26 GDAP2 GALNS ZFYVE16 OSTM1 TMEM79 WDR81 GLA PI4K2B PI4K2A
1.2101936,-0.82314706,Cluster 2,aggresome (GO:0016235),STRADB SFMBT2 EDEM1 CCZ1B ZBTB14 PICK1 CCZ1 URB2 EEF2 ZDHHC17 RANGAP1 FGR KLF8 SLFN11 SERGEF XRN2 TDP2 HSPA1A TRIM37 PRKCQ SQSTM1 HSPA1B
0.16797218,-0.72013956,Cluster 2,AP-1 adaptor complex (GO:0030121),AFTPH AP1G2 AP1S1 SYNRG LDLRAP1 SLC18A3
-0.8048459,-0.16602354,Cluster 2,autolysosome (GO:0044754),MAP1LC3A LAMP2 NCOA4 LRRK2 FTH1 PIK3C3 SQSTM1 FTL
1.1968937,-0.52599496,Cluster 2,vacuole (GO:0005773),ATG9A UVRAG CD74 ATP13A2 GGH HSPA8 ATG9B WIPI2 ATG14 ATG12 ATG16L1 TBC1D25 ULK1 GLB1L WDFY3 SQSTM1
0.9002531,-0.4442511,Cluster 2,lytic vacuole (GO:0000323),UVRAG UNC13D ANKRD27 CD164 USP6 USP5 USP4 CTNS TSC2 RRAGB RRAGA RRAGD RRAGC RAB38 SIDT2 GLA
-0.09193191,0.20427948,Cluster 2,proton-transporting V-type ATPase complex (GO:0033176),ATP6V1D ATP6V0D1 CCDC115 TCIRG1 ATP6V0A4 ATP6V0D2 ATP6V1F ATP6V1B1 ATP6V0A1 ATP6V0A2 TMEM199
-0.21622996,-0.7357194,Cluster 2,T cell receptor complex (GO:0042101),CARD11 STOML2 SYK BCL10 CD3G CD3E CD3D ZAP70 CD4 CEACAM1 ALCAM CD6 CD8B CD8A TRAT1 CD247
-1.0088778,-0.37068632,Cluster 2,tertiary granule lumen (GO:1904724),GSDMD MMP8 GGH ARMC8 MMP9 ILF2 LYZ FLG2 OSCAR OLFM4 ALDOC PTPN6 ALDOA YPEL5 CDA
-0.7508529,-0.20168474,Cluster 2,phagocytic vesicle membrane (GO:0030670),ATP6V0C ATP6V0E1 ATP6V0B ATP6V0E2 ANXA3 SLC11A1 HLA-C CYBB TAP1 HLA-A CYBA HLA-B HLA-G TAPBP HLA-E ATG12 HLA-F VAMP8 PIK3C3 ATP6V0D2 CALR SEC22B VAMP3
-0.19331327,0.14730735,Cluster 2,azurophil granule lumen (GO:0035578),CTSA FUCA1 UNC13D ACTR2 ANXA2 PTGES2 IST1 GCA GGH FUCA2 TUBB DEFA3 PA2G4 DEFA1 AZU1 PRSS57 LYZ ADA2 GALNS DNAJC3 NPC2 TOLLIP S100A7 GLA NHLRC3 MAN2B1 ACTR10 FRK
8.8321705,-1.0818759,Cluster 3,"DNA-directed RNA polymerase II, core complex (GO:0005665)",POLR2J2 POLR2J3 URI1 CHD6 POLR2A POLR2B POLR2C POLR2D POLR2E POLR2F POLR2G POLR2H POLR2I PPARGC1A POLR2J POLR2K POLR2L
9.755124,-1.851723,Cluster 3,ribosome (GO:0005840),RPS9 RPL24 EIF2AK2 RPL23 RPS7 EIF2AK4 RPL13A LARP4B NEMF MRPS7 RPL26 RPL27
8.630897,-1.1467825,Cluster 3,DNA-directed RNA polymerase III complex (GO:0005666),POLR3GL CRCP POLR3A POLR3B POLR3C POLR3D POLR3E POLR1C POLR3F POLR1D POLR2E POLR3G POLR2F POLR3H POLR2H POLR3K POLR2K POLR2L
9.096664,-1.7640619,Cluster 3,U1 snRNP (GO:0005685),SNRPN RBPMS PRPF40B PRPF40A SNRPA PRPF39 SNRPD3 SNRPD2 SNRNP70 SNRPD1 LUC7L SNRPGP15 SNRPF SNRPB2 NAA38 SNRPG SNRPE SNRPB LUC7L3 LUC7L2 SNRPC
9.644996,-1.7660123,Cluster 3,cytosolic large ribosomal subunit (GO:0022625),RPL22 COA1 RPL21 RPL36A-HNRNPH2 RPL24 RPL23 RPL13A RPL17-C18ORF32 MRTO4 RPL7L1 RPL37A RPL26 RPL28 RPL22L1 RPL27 RPL29 RPL13AP3 NHP2 RPL26L1
8.409175,-1.127367,Cluster 3,mitochondrial intermembrane space (GO:0005758),COA4 PNPT1 PRELID2 PRELID1 AGK TIMM29 HSD3B1 UQCC2 HSD3B2 SIRT5 NME4 TIMM23 HAX1 PINK1 ARL2BP CYCS NDUFS1
8.153569,-1.3458494,Cluster 3,cytosolic proteasome complex (GO:0031597),PSMC6 PSMC4 PSMC5 PSMC2 PSMC3 PSMD1 PSMC1 PSMD2 UBQLN4
9.685813,-1.8102893,Cluster 3,small ribosomal subunit (GO:0015935),RPS8 IMP3 RPS9 RPS6 MCTS1 RPS7 MRPS18C HBA1 MRPS18A RPS3A RPSA LARP4 MRPS6 MRPS5 MRPS9 RPS26P11
8.052314,-1.0618495,Cluster 3,mitochondrion (GO:0005739),STARD4 STARD5 ENDOG CASP8AP2 NIPSNAP3A NIPSNAP3B STARD6 BAD NGDN CKMT1A GDAP1 HSPE1 MTHFD2 SCO2 XPNPEP3 ETHE1 SCO1 UQCRC2 TMEM126B BAX TMEM126A UQCRC1 CIAPIN1 FSIP2 LETMD1
8.901221,-1.9129496,Cluster 3,spliceosomal tri-snRNP complex (GO:0097526),SNRPN LSM2 LSM6 LSM5 LSM4 LSM3 PRPF6 PRPF18 PRPF8 LSM8 LSM7 PRPF4 PRPF3 SNRPGP15 PRPF31 PPIH NAA38 SNRPG SNRPE SNRNP200 SNRPB
9.035347,-1.8277189,Cluster 3,small nuclear ribonucleoprotein complex (GO:0030532),SNRPN SF3B3 SF3A2 ARFGEF1 GEMIN4 LSM6 LSM11 LSM10 SNRPD3 SNRPD2 PRPF4 SNRPD1 TGS1 SNRPF SNRPG SNRPA1 SLU7 SNRPE SNRPB
8.847879,-0.9038576,Cluster 3,integral component of mitochondrial inner membrane (GO:0031305),COA3 AGK COA1 APOOL UQCC3 PET100 IMMT TIMM23 TMEM177 SLC25A19 COQ2 SMDT1 TMEM11 SCO2 DNAJC11 SCO1 L2HGDH MCU
9.256036,-1.5797242,Cluster 3,U6 snRNP (GO:0005688),LSM8 LSM7 DDX39B LSM2 LSM6 LSM5 LSM4 LSM3
8.927439,-1.8804643,Cluster 3,U4/U6 x U5 tri-snRNP complex (GO:0046540),SNRPN LSM2 LSM6 LSM5 LSM3 PRPF6 PRPF18 PRPF8 LSM8 PRPF4 PRPF3 PRPF31 PPIH NAA38 SNRPE SNRNP200 SNRPB
8.144628,-1.2786903,Cluster 3,mitochondrial inner membrane (GO:0005743),RSAD2 CKMT1A MRPS18C MRPS18B MRPS18A GCAT AFG3L2 YME1L1 UQCRC2 TMEM126B UQCRC1 LETMD1
8.3541565,-1.801368,Cluster 3,box C/D snoRNP complex (GO:0031428),NOP58 FBLL1 SNU13 FBL RRP9 NOP56
9.224336,-1.4582351,Cluster 3,U7 snRNP (GO:0005683),LSM11 LSM10 SNRPD3 SNRPF SNRPG SNRPE SNRPB
8.6824255,-1.0666124,Cluster 3,ribonuclease P complex (GO:0030677),POP7 TRMT10C POP5 POP4 RPP30 RPP21 POP1 KIAA0391 RPP25 RPP14 HSD17B10
7.535308,-1.3994056,Cluster 3,pre-snoRNP complex (GO:0070761),NOP58 NUFIP1 ZNHIT6 PIH1D1 TAF9 NOP56
9.230372,-1.3449966,Cluster 3,"mitochondrial proton-transporting ATP synthase complex, coupling factor F(o) (GO:0000276)",ATP5L2 ATP5H ATP5L ATP5G3 ATP5F1 ATP5G2 ATP5G1
9.095863,-1.8101496,Cluster 3,U2-type spliceosomal complex (GO:0005684),PPIL1 SNRPN CDC5L CWC15 PRPF40B PRPF40A CRNKL1 SRRM2 PRPF18 PRPF19 SYF2 SNRPF NAA38 SNRPG SNRPE SNRPB PPIE LUC7L3 RBM22 LUC7L2 SNRPC
8.712842,-0.9954803,Cluster 3,multimeric ribonuclease P complex (GO:0030681),POP7 RPP40 POP5 POP4 RPP30 RPP21 POP1 RPP25 RPP14 RPP38
8.373133,-1.2100372,Cluster 3,mitochondrial envelope (GO:0005740),COA4 PNPT1 PRELID2 PRELID1 AGK TIMM29 HSD3B1 UQCC2 HSD3B2 SIRT5 NME4 SDHD TIMM23 CIDEA HAX1 PINK1 ARL2BP BAX PPIF CYCS NDUFS1
7.868717,-1.0445782,Cluster 3,integral component of peroxisomal membrane (GO:0005779),FIS1 SLC27A2 PEX11A PEX11B PEX3 PEX12 PEX2 PEX13 PEX16 SLC25A17 PXMP2 FAR1 FAR2 ABCD1
7.986819,-1.0630107,Cluster 3,"DNA-directed RNA polymerase II, holoenzyme (GO:0016591)",POLR2J2 MED4 POLR2J3 EDF1 GTF2F1 PEX2 GTF2F2 MED6 MED8 SUPT3H TAF6L KAT2A CDK7 GTF2H2C TP53
9.140844,-1.0855062,Cluster 3,mitochondrial respiratory chain complex I (GO:0005747),NDUFC2 NDUFC1 NDUFS8 NDUFS7 NDUFS6 NDUFS5 NDUFS4 NDUFS3 NDUFS2 NDUFS1
7.7340355,-1.1897941,Cluster 3,signal recognition particle (GO:0048500),SRP19 SRP9 SRP72 SRP54 DERL2 DERL3 SRP68 SRP14 DERL1
8.400918,-1.903207,Cluster 3,U2-type catalytic step 2 spliceosome (GO:0071007),AQR PPIL1 BUD31 CDC5L CWC15 CRNKL1 CDC40 SRRM2 XAB2 PRPF8 SNW1 SNRNP40 PRPF19 SYF2 SNRPF SNRPA1 SNRPE SNRPB PPIE RBM22
8.860137,-1.9128098,Cluster 3,spliceosomal snRNP complex (GO:0097525),SNRPN PRPF40B PRPF40A PHF5A SNRPA PRPF18 DDX39B TEP1 CD2BP2 SNRPF PPIH NAA38 SNRPG SNRPE SNRPB LUC7L3 LUC7L2 SNRPC
7.7235756,-1.1965549,Cluster 3,"signal recognition particle, endoplasmic reticulum targeting (GO:0005786)",SRP19 SRP9 SRP72 SRP54 SRP68 SRP14 
9.180041,-1.1110651,Cluster 3,mitochondrial respiratory chain complex III (GO:0005750),MT-CO1 UQCRB UQCC3 UQCR10 BCS1L UQCRH UQCRHL UQCRQ UQCRC2 UQCRFS1 UQCRC1 PMPCB CYC1 MT-CYB
9.1027,-1.578551,Cluster 3,precatalytic spliceosome (GO:0071011),PRPF38B PRPF38A LSM2 CWC15 CRNKL1 LSM3 PHF5A LSM8 SMU1 SNRNP40 TEP1 SNRPGP15 PRPF31 SNRPG SNRPE NSRP1
8.442178,-1.917651,Cluster 3,spliceosomal complex (GO:0005681),SNRPN GPKOW CWC15 CRNKL1 WBP11 DHX40 PHF5A HNRNPM SNRPA DDX39A DDX39B WDR83 TEP1 SNRPF HNRNPC PPIH SNRPG SNRNP25 SNRPE SNRPB IVNS1ABP SNRPC
9.684655,-1.7926619,Cluster 3,large ribosomal subunit (GO:0015934),RPL22 COA1 RPL21 RPL36A-HNRNPH2 RPL24 RPL23 RPL13A RPL17-C18ORF32 MRTO4 RPL7L1 RPL37A RPL26 RPL28 RPL22L1 RPL27 RPL29 RPL13AP3 NHP2 RPL26L1
8.874683,-0.873025,Cluster 3,mitochondrial large ribosomal subunit (GO:0005762),NSUN3 NSUN4 MRPL28 MRPL27 MRPL24 MRPL22 MRPL23 MRPL32 MRPL30
8.72196,-1.0182036,Cluster 3,mitochondrial small ribosomal subunit (GO:0005763),MRPS27 MRPS28 MRPS26 MRPS24 MRPS21 MRPS18C MRPS22 MRPS18B MRPS2 MRPS18A MRPS7 MRPS6 MRPS5 MRPS9
8.0966625,-1.285321,Cluster 3,nuclear proteasome complex (GO:0031595),PSMC6 PSMD12 PSMC4 PSMC5 PSMC2 PSMC3 PSMC1 UBQLN4
7.282873,-1.1278131,Cluster 3,Cdc73/Paf1 complex (GO:0016593),SETD5 WDR61 CTR9 LEO1 RTF1 PEX2 CDC73 PAF1
9.699361,-1.8174335,Cluster 3,cytosolic small ribosomal subunit (GO:0022627),RPS8 RPS9 RPS6 MCTS1 RPS7 MRPS18C HBA1 MRPS18A RPS3A RPSA LARP4 MRPS5 MRPS9 RPS26P11
7.695902,-1.0956329,Cluster 3,core mediator complex (GO:0070847),MED14 MED4 MED31 MED10 MED17 MED6 MED8 MED18
8.526474,-1.9623843,Cluster 3,U5 snRNP (GO:0005682),SNRPN MAPKBP1 DDX23 WDR62 PRPF6 NWD1 PRPF18 PRPF8 DCAF4 SNRNP40 SNRPD3 SNRPD2 TEP1 SNRPD1 CD2BP2 SNRPGP15 NAA38 SNRPG TXNL4B SNRPE SNRNP200 TXNL4A SNRPB
8.643552,-0.9776261,Cluster 3,mitochondrial inner membrane presequence translocase complex (GO:0005744),PAM16 TIMM23 DNAJC15 TIMM10 TIMM21 DNAJC19 TIMM50 GRPEL2 GRPEL1 TIMM23B TIMM17B TIMM17A SLC25A6
9.029511,-0.90872216,Cluster 3,integral component of mitochondrial membrane (GO:0032592),COA3 AGK COA1 UQCC3 MUL1 TOMM20L TIMM23 GDAP1 TMEM177 PINK1 COQ2 SMDT1 SCO2 SCO1 TOMM7 MCU
9.229658,-1.3864905,Cluster 3,MICOS complex (GO:0061617),APOO CHCHD6 CHCHD3 APOOL DNAJC11 IMMT
9.349287,-1.2809511,Cluster 3,mitochondrial proton-transporting ATP synthase complex (GO:0005753),ATPIF1 ATP5L ATP5A1 USMG5 ATP5C1 ATP5J ATP5I ATP5G3 ATP5F1 ATP5G2 ATP5O ATP5G1 MT-ATP8 ATP5J2 ATP5D MT-ATP6 ATP5B ATP5L2 ATP5H C14ORF2 ATP5E PPIF
8.09705,-1.1833445,Cluster 3,mitochondrial matrix (GO:0005759),MECR ACOT9 PDHX PHYKPL ADHFE1 HSPE1 ETNPPL PC MTHFD2 SCO2 PPA2 KARS LACTB2 MTHFD2L FDX1 ETHE1 FDX2 ACOT2 TFAM SUCLG2 DNA2 SUCLG1
9.553209,-1.6250232,Cluster 3,polysomal ribosome (GO:0042788),RPL41 RPL24 LARP4B NR0B1 RPS26 RPS29 RPS28 RPS21 RPS23
9.34451,-1.2625798,Cluster 3,mitochondrial respiratory chain complex IV (GO:0005751),COX8A COX5A COX7C COX8C MT-CO1 MT-CO2 COX4I2 NDUFA4 COX6A2 COX5B COX6A1 C15ORF48 NDUFA4L2 UQCRC2 UQCRFS1 COX4I1 MT-CO3
8.559849,-1.582154,Cluster 3,DNA-directed RNA polymerase I complex (GO:0005736),IPPK ZNRD1 POLR1A POLR1B TWISTNB POLR1C POLR1D POLR2E POLR1E POLR2F POLR2H POLR2K POLR2L
9.08471,-1.3793373,Cluster 3,U12-type spliceosomal complex (GO:0005689),ZRSR2 ZCRB1 PHF5A LSM7 SNRPGP15 SNRPF SNRPG RBM41 SNRNP48 SNRNP25 SNRPE SNRPB
9.722828,-1.867507,Cluster 3,cytosolic part (GO:0044445),RPS8 RPL22 RPL21 RPS9 RPL36A-HNRNPH2 RPS6 RPL24 MCTS1 RPL23 RPS7 MRPS18C MRPS18A RPSA LARP4 RPL17-C18ORF32 MRTO4 CCT6B CCT6A PSMC6 PSMC4 PSMC5 RPL7L1 PSMC2 PSMC3 RPL26 PSMC1 RPL28 RPL22L1 RPL27 RPL29 RPL13AP3 NHP2 RPL26L1
9.732893,-1.8762974,Cluster 3,cytosolic ribosome (GO:0022626),RPS8 RPL22 RPL21 RPS9 RPL36A-HNRNPH2 RPS6 RPL24 MCTS1 RPL23 RPS7 MRPS18C MRPS18A RPSA LARP4 RPL17-C18ORF32 MRTO4 RPL7L1 RPL26 RPL28 RPL22L1 RPL27 RPL29 RPL13AP3 NHP2 RPL26L1
8.935776,-0.97659427,Cluster 3,intrinsic component of mitochondrial inner membrane (GO:0031304),COA3 AGK COA1 UQCC3 PET100 TIMM23 TMEM177 SLC25A19 COQ2 SMDT1 TMEM11 SCO2 SCO1 L2HGDH MCU
9.014513,-0.9188343,Cluster 3,DNA-directed RNA polymerase complex (GO:0000428),POLR2J2 POLR2J3 POLRMT ZNRD1 POLR2C TWISTNB POLR1C POLR1D POLR2E POLR2F POLR3H POLR2G POLR2I POLR3K POLR2J POLR2L
9.009736,-1.8826907,Cluster 3,methylosome (GO:0034709),PRMT5 PRMT1 WDR77 SNRPD3 CLNS1A SNRPD2 SNRPD1 SNRPF SNRPG ERH SNRPE SNRPB
9.116484,-1.9277567,Cluster 3,U2 snRNP (GO:0005686),SF3B5 SF3B6 SNRPN SF3A2 HTATSF1 PHF5A RBMX2 SNRPD3 SNRPD2 SNRPD1 CCDC97 SNRPGP15 SNRPB2 NAA38 SNRPG SNRPA1 SF3B1 SNRPE SF3A1 SF3B2 SNRPB
8.699491,-1.031494,Cluster 3,nucleolar ribonuclease P complex (GO:0005655),POP7 RPP40 RPP30 RPP21 POP1 RPP38
8.698738,-1.3891302,Cluster 3,small nucleolar ribonucleoprotein complex (GO:0005732),NOP58 MPHOSPH10 LSM6 FBLL1 SNU13 FBL RRP9 SNRNP40 NAF1 NOP10 NHP2 NOP56
9.068209,-1.7291685,Cluster 3,U4 snRNP (GO:0005687),SNRPN DDX39B SNRPD3 SNRPD2 SNRPD1 SNRPGP15 PRPF31 SNRPF NAA38 SNRPG SNRPE SNRPB
7.832675,-1.1472044,Cluster 3,nuclear exosome (RNase complex) (GO:0000176),DIS3 EXOSC8 EXOSC7 EXOSC6 EXOSC5 C1D EXOSC9 EXOSC4 EXOSC3 EXOSC2 MPHOSPH6 EXOSC1
3.557494,-0.6413578,Cluster 4,nuclear inner membrane (GO:0005637),SMAD3 TMEM120B CBX3 SMAD1 ATP1B4 ATP11B SIRT1 LEMD3 LEMD2 SUN5 TERB1 TERB2 DPY19L1 DPY19L2 DPY19L3 DPY19L4 IFI27 MATR3
4.0151896,1.1677604,Cluster 4,Rad51B-Rad51C-Rad51D-XRCC2 complex (GO:0033063),RAD51C RAD51B RAD51 RAD51D XRCC3 DMC1 XRCC2
2.569235,0.935836,Cluster 4,AP-3 adaptor complex (GO:0030123),VPS41 VPS33B AP3S1 VPS33A AP3D1 AP3S2
5.1408267,0.8389034,Cluster 4,Golgi cisterna membrane (GO:0032580),GOLGA8T GOLGA8S GOLGA8K GOLGA8N NSG2 GOLGA8M GOLGA8O GOLGA2P5 GOLGA8R GOLGA8Q GOLGA6B GOLGA6A GOLGA6D GOLGA8F TMEM115 GOLGA8DP GOLGA6C GOLGA8H GOLGA8J GOLGA8B GOLGA8A
4.44359,1.2748083,Cluster 4,lateral element (GO:0000800),FAM9A RAD51 FAM9C BLM FAM9B SYCP3 SYCP2 MEI4 BRCA1 BRCA2
3.3707705,1.1369878,Cluster 4,centrosome (GO:0005813),PCGF5 TRIP4 IFT81 IFT80 ZFYVE26 DYNC1LI1 ZFYVE19 DYNC1LI2 HSPA1A POLR3H CEP85 RABL6 CEP89 HSPA1B
4.2357097,0.70673645,Cluster 4,centriolar satellite (GO:0034451),CCDC113 CCDC13 CCDC14 MBD1 CEP131 OFD1 SPAG5 MSS51 PAX2 KRT18 ZMYND10 EXOC7 SSX2IP ALDOB
3.9852633,1.0806383,Cluster 4,Cul5-RING ubiquitin ligase complex (GO:0031466),CUL5 ELOB RNF7 ARIH2 ASB4 RBX1
3.7864432,1.1147832,Cluster 4,acetylcholine-gated channel complex (GO:0005892),CHRNB3 CHRNA2 CHRNA1 CHRNB2 CHRNA4 CHRNA3 CHRNB4 CHRNA6 CHRNA5 STXBP5 CHRNA7 CHRNA9 CHRND CHRNE CHRNG CHRFAM7A CHRNB1
5.1488366,0.82746476,Cluster 4,Golgi cisterna (GO:0031985),GOLGA8T GOLGA8S YIPF1 YIPF2 YIPF6 GOLPH3L GOLGA8K GOLGA8N GOLGA8M RAB30 GOLGA8O GOLGA2P5 GOLGA8R GOLGA8Q RAB34 GOLGA8F GOLGA8H GOLGA8J GOLT1A GOLGA8B GOLGA8A
3.8739414,0.1494543,Cluster 4,endoribonuclease complex (GO:1902555),DHX9 POP4 DICER1 TSEN2 TSEN54 TARBP2 ZFP36 AGO4 CLP1 AGO2 AGO3 AGO1 PRKRA
5.184596,0.8458562,Cluster 4,integral component of cytoplasmic side of endoplasmic reticulum membrane (GO:0071458),SPPL2C SPPL2B HM13 SPPL2A PKD2 SPPL3
3.957115,0.9602612,Cluster 4,microtubule cytoskeleton (GO:0015630),TEX35 UPF3B EML1 EML2 SYTL4 EML3 EML4 EML5 EML6 TEK CEP85 CDK16
4.0707445,0.5588144,Cluster 4,microtubule organizing center part (GO:0044450),STARD9 SPICE1 NIN IFT88 CCP110 HSPA1A CEP83 CEP85 CNTROB MPHOSPH9 FAM92A CCDC151 CEP89 RAN HSPA1B
3.4270334,1.3602954,Cluster 4,cytoplasmic dynein complex (GO:0005868),DYNC2H1 DYNLL1 DYNLT3 DCTN4 DYNLL2 WDR34 TOPORS DYNC1LI1 SNX4 DYNC1LI2 NUDCD3 TPR WDR60 TCTEX1D2 DYNC2LI1 DYNLRB1 DYNLRB2 DYNLT1 DYNC1I2 DYNC1H1 DYNC1I1
4.7602615,0.78526664,Cluster 4,axonemal microtubule (GO:0005879),ARFGEF2 ARL6 CEP162 CFAP206 SAXO1 SAXO2
3.864034,0.16622815,Cluster 4,RISC complex (GO:0016442),DDX6 AGO4 AGO2 AGO3 DICER1 AGO1 EIF4E LIMD1 DCP2
4.3951616,1.4711742,Cluster 4,P granule (GO:0043186),TDRKH PIWIL2 PIWIL4 DDX4 TDRD9 TDRD5 CARHSP1 TDRD1 HENMT1 ASZ1 MOV10L1 SNRPGP15 MAEL SNRPG PIWIL1 EXD1
3.8555505,0.12856251,Cluster 4,RISC-loading complex (GO:0070578),ZFP36 DHX9 AGO4 AGO2 AGO3 DICER1 AGO1 PRKRA TARBP2
3.8265994,0.21217948,Cluster 4,RNAi effector complex (GO:0031332),DDX6 AGO4 AGO2 AGO3 DICER1 AGO1 EIF4E LIMD1 DCP2
4.3690066,1.3694332,Cluster 4,pi-body (GO:0071546),TDRKH PIWIL2 TDRD1 DDX4 ASZ1 MOV10L1 TDRD5
3.2188396,1.451227,Cluster 4,Cul3-RING ubiquitin ligase complex (GO:0031463),KLHL26 BTBD18 KLHL28 KLHL29 KLHL2 KLHL22 KLHL23 KLHL3 KLHL4 KLHL24 KLHL5 KLHL25 KLHL20 KBTBD12 RBX1 KLHL21 KBTBD11 KLHL1 KBTBD6 KBTBD7 KLHL7 KLHL8 KBTBD2 KLHL9 KBTBD3 SPOPL KBTBD8
4.852862,0.8098471,Cluster 4,endoplasmic reticulum exit site (GO:0070971),CFAP73 OTOR MIA SEC16B SEC16A PDCD6IP CTAGE1 CTAGE6 CTAGE5 CTAGE4 CTAGE9 MPPE1 CTAGE8 PREB CTAGE15
3.154017,1.6003087,Cluster 4,filopodium tip (GO:0032433),NLGN1 FMR1 MYO3A ABI1 ABI2 MYO10 MORN4 MYO5A CIB1 VIL1
3.8424444,0.056436937,Cluster 4,pericentriolar material (GO:0000242),MBD1 TNKS RABL2B TUBE1 TNKS2 LCK NEDD1 NIN HOOK3 WDR60 CDK5RAP2 NEK1 CEP152 BBS9 CEP85 BBS4
4.272009,1.4422239,Cluster 4,synaptonemal structure (GO:0099086),UBE2I MLH1 SYCP3 SYCP2 SYCP1 TEX11 P3H4 MLH3 CCNB1IP1 RNF212 RNF212B STAG3 MSH4 MSH5 FKBP6
4.365297,1.4015483,Cluster 4,germ plasm (GO:0060293),PIWIL2 PIWIL4 DDX4 TDRD9 CARHSP1 TDRD1 HENMT1 MOV10L1 SNRPGP15 MAEL SNRPG PIWIL1 EXD1
5.0598717,0.8947426,Cluster 4,meiotic cohesin complex (GO:0030893),REC8 STAG3 RAD21L1 SMC1B SMC1A SMC3
5.137903,0.78426343,Cluster 4,cis-Golgi network (GO:0005801),GOLGA8T GOLGA8S GBF1 B3GAT3 SLC35C2 GOLGA8K GOLGA8N GOLGA8M RAB30 GOLGA8O COPZ2 GOLGA2P5 AZIN2 GOLGA8R GOLGA8Q GOLGA6B IFT20 GOLGA6A BCL9 TRAPPC6B GOLGA6D GOLGA8F TRAPPC6A GOLGA8DP GOLGA6C HOOK3 GOLGA8H GOLGA8J ANGEL1 MPPE1 GOLGA8B RETREG1 GOLGA8A
3.4502866,1.2604074,Cluster 4,shelterin complex (GO:0070187),ACD TINF2 TERF1 TERF2 TERF2IP POT1
3.3894541,1.092683,Cluster 4,microtubule organizing center (GO:0005815),PCGF5 TRIP4 IFT81 UPF3B IFT80 ZFYVE26 SYTL4 DYNC1LI1 ZFYVE19 DYNC1LI2 TEK HSPA1A POLR3H CEP85 RABL6 CEP89 HSPA1B
3.9670603,1.2309308,Cluster 4,synaptonemal complex (GO:0000795),FAM9A UBE2I FAM9C MLH1 FAM9B TEX11 TEX12 P3H4 MLH3 CCNB1IP1 RAD51 STAG3 MSH4 MSH5 C14ORF39 FKBP6
5.0183372,0.73570716,Cluster 4,Golgi cis cisterna (GO:0000137),GOLGA8T GOLGA8S GOLGA8K GOLGA8N NSG2 GOLGA8M GOLGA8O GOLGA2P5 GOLGA8R GOLGA8Q TMEM59 GOLGA6B GOLGA6A GOLGA6D GOLGA8F GOLGA8DP GOLGA6C GOLGA8H GOLGA8J LLGL1 GOLT1A GOLGA8B GOLGA8A
5.070714,0.8270745,Cluster 4,RNA polymerase II transcription factor complex (GO:0090575),TLE4 TLE3 MED4 TLE1 FOXH1 POU2AF1 GTF2F1 HIPK2 HNRNPAB GTF2F2 MED6 MED8 TP53
4.1822968,0.6799919,Cluster 4,axonemal dynein complex (GO:0005858),DNAH5 DNAH2 DNAH3 DNAH8 DNAH17 CCDC114 DNAH7 DNHD1 WDR78 NME8 DYNLRB1 DNAL1 DYNLRB2 DNAI1 DNAH1 DNAI2
2.7917705,1.4100341,Cluster 4,messenger ribonucleoprotein complex (GO:1990124),CPEB2 CPEB1 FMR1 PKP3 CPEB4 CPEB3 PKP1
2.9007044,1.9906989,Cluster 4,spectrin-associated cytoskeleton (GO:0014731),SPTA1 EPB41 DMTN ANK3 RHBG ANK1 SPTB SPTBN1
4.3524513,0.7723158,Cluster 4,centriole (GO:0005814),HSPA6 STARD9 OFD1 SPICE1 SIRT2 WDR34 AHI1 NIN IFT88 CENPJ CCP110 HSPA1A CEP83 CEP162 CEP41 SAXO1 CNTROB SAXO2 MPHOSPH9 SDCCAG8 FAM92A CCDC151 CEP89 RAN HSPA1B
4.06119,1.0808996,Cluster 4,CatSper complex (GO:0036128),CATSPER2 CATSPERB CATSPER1 CATSPER4 CATSPERD CATSPER3 CATSPERE CATSPERG HSPA2 CATSPERZ
4.568383,0.7769887,Cluster 4,manchette (GO:0002177),LRGUK RIMBP3 IQCG CCDC181 PPP1R42 RIMBP3C RIMBP3B
3.9126618,1.05211,Cluster 4,Cul2-RING ubiquitin ligase complex (GO:0031462),ZER1 ZYG11B ZYG11A GLMN CUL2 RNF7 COMMD1 RBX1 ELOB ARIH1 ZSWIM8 ZSWIM5 ASB4 ZSWIM6 ZSWIM4
3.993083,1.1331058,Cluster 4,Gemini of coiled bodies (GO:0097504),NPAT GEMIN2 HABP4 GEMIN6 GEMIN7 SMN1 ZPR1
4.1848164,0.7195377,Cluster 4,outer dynein arm (GO:0036157),DNAH5 DNAH8 NME8 CCDC114 DYNLRB1 DNAL1 DYNLRB2 DNAI1 DNAI2
3.9229455,1.1661178,Cluster 4,BLOC-1 complex (GO:0031083),SNAP25 SNAP47 BCAS4 SNAPIN DTNBP1 BLOC1S5-TXNDC5 STX12 BLOC1S5 BLOC1S6 BLOC1S1 BLOC1S2 BLOC1S3 BLOC1S4 KXD1 PI4K2A
3.6519442,0.6736915,Cluster 4,MutLalpha complex (GO:0032389),PMS2P11 WRN MLH1 PMS2P5 PMS2P3 PMS2P2 PMS2P1 PMS2 PMS1
4.2351537,1.3875211,Cluster 4,chromatoid body (GO:0033391),PIWIL2 DDX25 TDRD7 TDRD6 TDRD5 CLOCK PIWIL1 ARNTL
2.6408489,1.0889868,Cluster 4,elongin complex (GO:0070449),ELOA3B ELOA2 ELOA ELOB ELOA3 ELOC EPOP ELOA3D
5.1041327,0.80395603,Cluster 4,nuclear nucleosome (GO:0000788),H2AFB1 H2AFB2 H3F3A CENPA HIST3H2A HIST3H3 HIST1H4A HIST1H3A MPHOSPH8 TNP2 TNP1 CENPT HIST1H4G
5.044326,-1.5129288,Cluster 5,polysome (GO:0005844),UPF2 NAA30 VBP1 MCRS1 NAA35 RPL24 EIF2AK4 LARP4B LARP4 LARP6 LIN28A IMPACT AGO2 VIM AGO1 NAA38 CALR
4.906982,-1.5541927,Cluster 5,Sin3-type complex (GO:0070822),HDAC1 CSNK2A1 HDAC2 PHF12 ING2 MORF4L1 SAP130 NCOR1 BRMS1 HEY2 SINHCAF SIN3B SIN3A RBBP4 BRMS1L SUDS3
5.6403513,-2.0211706,Cluster 5,"condensed chromosome, centromeric region (GO:0000779)",KNL1 CBX3 NUP133 NDC80 CENPE SGO1 BUB1B BIRC5 NCAPD2 NCAPD3 SPC25
5.6257105,-1.3367015,Cluster 5,microtubule (GO:0005874),DYNC2H1 MTUS2 CCT6A APC KATNAL2 CDC16 KATNAL1 KIF20A KIF20B CALM2 CALM3 CALM1
5.476617,-2.0771952,Cluster 5,"chromosome, telomeric region (GO:0000781)",SSB CCDC155 ALYREF LIG4 MSH2 PPP1CA PPP1CB PML HIST3H3 HIST1H4A HAT1 WDR82 ZSCAN4 DNA2 MRE11 NHP2
5.9443693,-1.7528137,Cluster 5,spindle microtubule (GO:0005876),BOD1 KLHL22 KLHL21 CENPE ZW10 TBL1XR1 NCOR1 FAM161A CDC16 KIF4A CDK1 CALM2 CALM3 CALM1
5.776823,-1.5899285,Cluster 5,mitotic spindle (GO:0072686),IQCB1 KLHL22 CDC7 EML1 EML2 SIRT2 SMC1A DCDC2 CENPE SPOUT1 NIN FAM161A ESPL1 EFHC1 CDK1 PKP4 ALPK3 KIF20B MAD2L1
5.393992,-2.1902845,Cluster 5,"nuclear chromosome, telomeric region (GO:0000784)",SSB ALYREF LIG4 MSH2 PPP1CA PPP1CB PML HIST3H3 HIST1H4A HAT1 WDR82 ZSCAN4 DNA2 MRE11 NHP2
5.9681535,-1.4042441,Cluster 5,nuclear origin of replication recognition complex (GO:0005664),ORC6 REPIN1 ORC5 ORC2 ORC1 ORC4 ORC3 LRWD1
6.72414,-1.7276347,Cluster 5,N-terminal protein acetyltransferase complex (GO:0031414),NAA50 NAA20 NAA30 NAA11 NAA10 NAA35 NAA15 NAA25 NAA38 NAA16
5.8423123,-1.7861708,Cluster 5,condensed nuclear chromosome kinetochore (GO:0000778),DSN1 CCNB1 PLK1 MIS18BP1 NUF2 BUB1B MIS12 CENPA BUB1 CENPC NDC80
5.122636,-1.9919869,Cluster 5,nuclear heterochromatin (GO:0005720),FOXC1 H2AFZ CBX5 UHRF2 CBX3 ATRX UHRF1 H2AFY CBX1 SIRT6 IKZF1 SIRT1 SIRT2 HIST1H1E NCAPD3 KMT5C BEND3 MPHOSPH8 HIST1H1B TNKS1BP1
5.6469655,-1.9601476,Cluster 5,spindle midzone (GO:0051233),CENPV PLK1 CDC6 EML1 GEM CDC42 CENPE KIF18A KIF18B BUB1B UNC119 ARL8A PKP4 KIF20B ARL8B OR2A4
4.912118,-1.5210588,Cluster 5,nuclear chromosome part (GO:0044454),RFX3 WDHD1 GATAD2B HIST3H3 HNRNPK WDR82 POLR3D POLR3G ASF1A HNRNPC ASF1B
5.4700637,-2.5405004,Cluster 5,cytoplasmic ribonucleoprotein granule (GO:0036464),RPS6 USP3 RC3H1 LIG4 LARP4B PNRC1 LARP4 PNRC2 EID1 LIN28A ATXN2L CNOT7 CNOT8 CNOT1 CNOT2 SARNP PSMC2 CNOT3 PSMC3 RPL28 SNRPG DCP1B SQSTM1 AJUBA CNOT9 DCP1A CHTOP
5.926557,-1.706527,Cluster 5,chromosomal region (GO:0098687),CCDC155 CENPW PTGES3 CBX3 CBX1 PPP2R5C PPP2R1A SMC1A CENPE SGO2 CENPF MIS18A RAD51D SGO1 INCENP ATM MRE11 TERF2IP POT1 CENPT
5.352677,-1.2747803,Cluster 5,ISWI-type complex (GO:0031010),CECR2 BPTF CHRAC1 SMARCA1 RNASEK-C17ORF49 RBBP4 BAZ1A HMGXB4 RSF1 USF1 SMARCA5
4.783698,-1.5225734,Cluster 5,chromatin (GO:0000785),ESCO2 ESCO1 FOXH1 RFX3 SMARCA2 RUNX3 SMARCA4 GATAD2B RUNX2 HNRNPK MIS18A WDR82 POLR3D POLR3G ASF1A HNRNPC ASF1B TP53 RAN
5.4737325,-1.1987913,Cluster 5,NURF complex (GO:0016589),BPTF SMARCA1 RNASEK-C17ORF49 RBBP4 HMGXB4 USF1 SMARCA5
5.5059805,-1.4422412,Cluster 5,nuclear replication fork (GO:0043596),PCNA MMS22L ETAA1 ZRANB3 ZMIZ2 NUGGC SMARCAD1 BAZ1B WDHD1 SMARCA5 TONSL
5.7111216,-1.544249,Cluster 5,kinetochore microtubule (GO:0005828),CENPE KIF18A ZW10 CLASP1 KNTC1 RAB11A CLASP2
4.719342,-1.5594555,Cluster 5,nuclear chromatin (GO:0000790),FOXH1 RFX3 SMARCA2 RUNX3 SMARCA4 GATAD2B RUNX2 HIST3H3 HIST1H4A HNRNPK POLR3D POLR3G ASF1A ANP32E NSMF HNRNPC ASF1B TP53 HIST1H4G
4.862583,-1.9456947,Cluster 5,mitotic spindle midzone (GO:1990023),CENPE KIF18A MAP10 KIF18B NUMA1 HNRNPU RCC2 KIF20B EML1 OR2A4
5.7963367,-1.7938224,Cluster 5,spindle (GO:0005819),SEPT12 KLHL22 SPICE1 WDR73 EML2 CDC25B DCDC2 CDC20 DYNC1LI1 ZW10 TBL1XR1 NIN SGO1 KATNAL2 FAM161A BUB1B CDC16 KATNAL1 KIF4A ARL8A KIF20A CEP85 PKP4 SBDS ALPK3 KIF20B CALM2 CALM3 MAD2L1 ARL8B CEP89 MAD2L2 CALM1
5.3320394,-2.323073,Cluster 5,Cul4A-RING E3 ubiquitin ligase complex (GO:0031464),CDKN1B DET1 GLMN CRBN TRPC4AP RBX1 CUL4A DDB1 RFWD2 WDR70 ERCC8 DTL ARIH1
5.7413044,-1.8168232,Cluster 5,"condensed nuclear chromosome, centromeric region (GO:0000780)",SYCP2L AURKA CENPA MEIKIN AURKC CENPC AURKB NDC80 MIS18BP1 NUF2 BUB1B BUB1
5.695866,-1.9364358,Cluster 5,condensed chromosome (GO:0000793),ESRRB BRD4 CCDC36 CBX3 LIG4 P3H4 SMC1A RAD50 TUBG1 SETMAR SMARCA5 LRPPRC CENPE RAD51 SGO1 FANCD2 DMC1 NCAPD2 NCAPD3 RGS12
5.4919896,-2.6131525,Cluster 5,holo TFIIH complex (GO:0005675),CCNH GTF2H1 GTF2H2 GTF2H3 GTF2H4 CDK7 ERCC5 ERCC2 ERCC3 MMS19 GTF2H2C MNAT1
6.5649867,-1.6057411,Cluster 5,nuclear telomere cap complex (GO:0000783),ACD CTC1 XRCC5 XRCC6 STN1 TINF2 TERF1 TERF2 TERB1 TEN1 TERT TERF2IP POT1
5.62654,-1.1772126,Cluster 5,spindle pole (GO:0000922),KLHL22 WDR73 EML1 CDC25B KLHL21 DYNC1LI1 ZW10 NIN SGO1 KATNAL2 FAM161A KATNAL1 CEP85 PKP4 SBDS KIF20B CALM2 CALM3 CEP89 CALM1
6.024914,-1.5187118,Cluster 5,alpha DNA polymerase:primase complex (GO:0005658),POLA1 POLA2 HELB PRIM2 PRIM1 MCM3
5.686986,-1.6008258,Cluster 5,mitotic spindle pole (GO:0097431),IK SPAG5 KATNA1 EML1 SMC1A ASPM STAG2 NIN KATNBL1 FAM161A KIF20B MAD1L1 OR2A4
6.4058504,-1.944512,Cluster 5,nuclear DNA-directed RNA polymerase complex (GO:0055029),POLR2J2 POLR2J3 POLR3GL POLA1 POLA2 POLR3A POLR3B POLR3C POLR3D POLR3E POLR3F POLR3G POLR3H POLR3K MCM3
5.213018,-1.4905149,Cluster 5,nuclear chromosome (GO:0000228),ZBTB18 JUN CCDC36 H3F3A SMARCE1 HMGA2 MSH2 P3H4 SMC1A SPIDR LRPPRC HIST1H4A MSH4 DMC1 MSH5 TOP1 TERF2IP
5.628621,-1.9236846,Cluster 5,euchromatin (GO:0000791),TBP JUN H2AFZ H3F3C CBX3 CTNNB1 DNMT3A UHRF1 NR1H4 SIRT1 CREB1 H1F0 RUVBL2 ALKBH1 ANKRD2 NSMF TRL-AAG2-3 RBMX HIST1H1A HIST1H1C HIST1H1D
5.9103403,-1.7345694,Cluster 5,condensed chromosome kinetochore (GO:0000777),PMF1 AHCTF1 KNL1 MIS12 HJURP NUP133 CENPA NSL1 MEIKIN CENPC NDC80 DSN1 MIS18BP1 NUF2 BUB1B BIRC5 CHAMP1 SPC25 BUB1
5.8853493,-1.7550204,Cluster 5,kinesin complex (GO:0005871),BORCS5 KIF7 KIF6 CENPE KIF9 KIF16B KIF4B KIF4A KIF20A KIF20B
6.9941998,-1.5588082,Cluster 5,cytoplasmic exosome (RNase complex) (GO:0000177),PNPT1 DIS3 DIS3L CARHSP1 SUPV3L1 EXOSC8 EXOSC7 EXOSC6 GTPBP1 EXOSC5 EXOSC9 EXOSC4 EXOSC3 DIS3L2 EXOSC2
5.1729,-1.6700939,Cluster 5,chromosome (GO:0005694),ZBTB18 RAD21L1 RECQL LIG4 MSH2 SMARCA5 HIST1H4A MSH4 FANCD2 MSH5 CDK12 CDK13 RHNO1
5.9210835,-2.4219437,Cluster 5,nucleoplasm part (GO:0044451),POLR2J2 MED4 POLR2J3 TRIP4 MED6 MED7 MED8 POLR3A POLR3B NUP98 POLR3C WDR82 POLR3D POLR3E POLR3F YME1L1 POLR3G POLR3H POLR3K
5.929636,-1.3547015,Cluster 5,replication fork (GO:0005657),ZRANB3 XRCC3 XRCC2 DONSON BAZ1B UBE2B WDHD1 SMARCA5 RAD51C MMS22L RAD51B RAD51 ETAA1 RAD51D BCL6 DMC1 RAD18 TP53
5.048846,-1.5864156,Cluster 5,ESC/E(Z) complex (GO:0035098),SUZ12 EED HDAC2 H2AFY PHF1 AEBP2 EPOP SIRT1 DNMT3L MTF2 RBBP4 TRIM37 RBBP7 JARID2 H2AFY2 PHF19 EZH1 EZH2
4.8541894,-1.6351584,Cluster 5,histone acetyltransferase complex (GO:0000123),PHF20 MCRS1 WDR5 ELP1 MSL3 ELP2 JADE2 ELP3 JADE1 ELP4 KANSL1 JADE3 HCFC1 MORF4L1 MORF4L2 ING4 KANSL2 KANSL3 MSL3P1 OGT KAT8 KAT7
4.8416934,-1.5525311,Cluster 5,Sin3 complex (GO:0016580),HDAC1 CSNK2A1 HDAC2 PHF12 ING2 MORF4L1 NCOR1 HEY2 SINHCAF SIN3B SIN3A RBBP4 SUDS3
6.49445,-1.6946963,Cluster 5,HAUS complex (GO:0070652),HAUS8 HAUS5 HAUS4 HAUS7 HAUS6 HAUS1 HAUS3 HAUS2
5.4538884,-2.081676,Cluster 5,nuclear euchromatin (GO:0005719),TBP JUN H2AFZ H3F3C CBX3 CTNNB1 NR1H4 SIRT1 CREB1 H1F0 RUVBL2 ALKBH1 NSMF TRL-AAG2-3 RBMX HIST1H1A HIST1H1C HIST1H1D
6.6603203,-1.7565484,Cluster 5,THO complex part of transcription export complex (GO:0000445),THOC2 THOC1 THOC3 THOC6 THOC5 THOC7
5.8351617,-1.9296558,Cluster 5,"chromosome, centromeric region (GO:0000775)",CENPW CBX5 CBX3 LRWD1 CBX1 PPP2R5C PPP2R1A SMC1A CENPE SGO2 CENPF MIS18A SGO1 INCENP CENPT
1.0456016,5.5120435,Cluster 6,clathrin-sculpted gamma-aminobutyric acid transport vesicle (GO:0061200),RAB3A SLC32A1 SYT1 GAD2 HSPA8 DNAJC5 GAD1 VAMP2
0.5882678,5.760158,Cluster 6,G-protein coupled receptor dimeric complex (GO:0038037),CALCRL GABBR2 CALCR RAMP3 GABBR1 RAMP1 RAMP2 GRM1
0.9954019,4.473092,Cluster 6,coated vesicle (GO:0030135),CCDC115 SGIP1 OCRL AP3B2 DDHD2 TICAM2 SCAMP1 YIF1A YIF1B EPN3 MALL DAB2 HIP1R COL7A1 AAK1 NUMB
1.107128,5.392534,Cluster 6,calcium channel complex (GO:0034704),TRPC4 TRPC5 PDE4D FKBP1B CASQ2 CALM2 MICU2 CALM3 MICU1 CALM1 MCU
0.7910009,5.931202,Cluster 6,axolemma (GO:0030673),CNTNAP2 MAPT EPB41L3 THY1 SPTBN1 ROBO2
0.5397352,5.915545,Cluster 6,cell cortex part (GO:0044448),GSN SEPT10 SEPT11 SEPT12 TRPC4 SEPT1 SEPT2 TMEM250 SELE SEPT14 SEPT5 SEPT6 SEPT3 SEPT4 ANLN STIM1 DLG4 CTTN ASPH NSMF C2CD2L EZR DBN1
0.8494,4.635653,Cluster 6,Golgi subcompartment (GO:0098791),RBFOX1 B3GALNT1 AP1S1 SCAMP1 PI4K2B OPTN PI4K2A
1.0474211,5.4620686,Cluster 6,GABA-A receptor complex (GO:1902711),GABRA3 GABRA2 GABRB3 GABRQ GABRB2 GABRP GABRA1 GABRB1 GABRA6 GABRA5 GABRA4 GABRG1 GABRG3 GABRG2 GABRR3 GABRR2 GABRR1 GABRE GABRD
0.69920826,4.778728,Cluster 6,SCF ubiquitin ligase complex (GO:0019005),FBXW5 FBXW4 FBXW7 FBXW11 FBXO17 FBXO18 FBXO2 BTBD6 BTBD11 BTBD9 RBX1 KBTBD4 SPOPL
0.9419597,5.8865194,Cluster 6,NMDA selective glutamate receptor complex (GO:0017146),GRIN3A SHANK1 GRIN2B GRIN3B GRIN2A GPRIN1 PTK2B GRIN2D GRIN2C
1.1173689,5.3866363,Cluster 6,dendrite (GO:0030425),EPHA5 HOMER2 HOMER3 NPFF HOMER1 PDYN HTR5A SLC5A7 OR6T1 NEURL1 RUFY3 NSMF RPL28 CPEB4 CPEB3 EPHA4 PI4K2A
0.20221971,4.1469455,Cluster 6,cytoplasmic microtubule (GO:0005881),GRAMD2B DCXR MTUS2 TRPV4 CKAP2 SCTR MID1 REEP2 CYLD TMEM214 APC CYP2A6 SNPH FAM161B SELENOS SRPRB KIF2C SAA1 DYNLT1 ANAPC2 SPACA9
1.119638,5.575626,Cluster 6,dendrite membrane (GO:0032590),GABRA3 MPP2 GABRA2 INSR GABRA1 KCNC1 KCNB1 KCNC2 KCNC3 GABRA6 KCNC4 GABRA5 GABRA4 GABRG1 THY1 GABRG3 GABRG2 LAMP5 SGCE GABRE
0.8725847,5.8638372,Cluster 6,main axon (GO:0044304),NAV1 PARD3 KCNAB2 ANK3 ERMN SIRT2 DLG2 NFASC DLG4 MAPT KCNQ2 BIN1 KCNQ3 SCN8A CNTN2 SCN2A
0.8290253,5.8808494,Cluster 6,ionotropic glutamate receptor complex (GO:0008328),GRID2 SHISA6 SCRIB GRIN2D GRIN2C SHISA9 SHISA8 SHISA7 GRIN3A SHANK1 OLFM2 DLG1 DLG2 CNIH2 DLG3 GRIN3B DLG4 GPRIN1 CNIH3 SHANK3 SHANK2
0.773283,5.929241,Cluster 6,paranode region of axon (GO:0033270),CNTNAP1 KCNA1 EPB41L3 NCMAP ERMN SIRT2
1.1699004,5.316813,Cluster 6,sodium channel complex (GO:0034706),SCNN1G SCNN1B SCNN1A GRIK4 GRIK5 GRIK2 GRIK3 GRIK1 SCN2A TRPM4
0.63775945,5.9582624,Cluster 6,septin filament array (GO:0032160),SEPT10 SEPT11 SEPT12 SEPT1 SEPT2 TMEM250 SEPT14 SEPT5 SEPT6 SEPT3 SEPT4 SEPT9 SEPT7 SEPT8
0.93591726,5.836901,Cluster 6,cation channel complex (GO:0034703),KCNIP2 SHISA6 GRIN2D GRIN2C SHISA9 SHISA8 SHISA7 GRIN3A SHANK1 OLFM2 SCNN1G CNIH2 GRIN3B SCNN1B GPRIN1 KCNK1 CNIH3 CALM2 CALM3 KCNK4 CALM1 MCU
1.0629125,5.438855,Cluster 6,clathrin-sculpted gamma-aminobutyric acid transport vesicle membrane (GO:0061202),RAB3A SLC32A1 SYT1 GAD2 HSPA8 DNAJC5 GAD1 VAMP2
0.5973734,6.014301,Cluster 6,septin ring (GO:0005940),SEPT10 SEPT11 SEPT12 SEPT1 SEPT2 TMEM250 SEPT14 SEPT5 SEPT6 SEPT3 SEPT4 SEPT9 SEPT7 SEPT8
0.73494965,5.8612657,Cluster 6,neurotransmitter receptor complex (GO:0098878),GRID2 HTR3B SCRIB HTR3A SHISA9 SHANK1 DLG1 DLG2 DLG3 DLG4 SHANK3 SHANK2
0.75460017,5.7990956,Cluster 6,integral component of plasma membrane (GO:0005887),CADM4 CADM2 CADM3 CADM1 FRS2 LNPEP GRIN2D GRIN2C PCDHGA10 SLC5A7 PCDHGA11 OR6T1 PCDHGA12 SLC5A9 TFR2 AGTR2 AGTR1 ORAI1
0.7511614,5.9427576,Cluster 6,juxtaparanode region of axon (GO:0044224),CNTNAP2 DLG2 DLG4 KCNA1 KCNA2 EPB41L3 CNTN2 KCNAB2 SIRT2
1.1095557,5.514766,Cluster 6,axon (GO:0030424),TGFB2 KIRREL3 MUL1 CCK L1CAM OLFM1 SLC5A7 SHTN1 PINK1 FEZ1 FEZ2 RUFY3 CNTN4 ROR2 ROR1 EPHA4
0.82607853,5.906688,Cluster 6,axon initial segment (GO:0043194),SPTBN4 NFASC KCNQ2 BIN1 KCNQ3 SCN8A NAV1 ANK3 NRCAM
1.1806766,5.3038683,Cluster 6,potassium channel complex (GO:0034705),KCNJ11 ABCC8 KCNIP2 ABCC9 GRIK4 KCNAB1 KCNA5 GRIK5 KCNA6 GRIK2 GRIK3 GRIK1 KCNK1 KCNK4
0.9134385,5.808579,Cluster 6,node of Ranvier (GO:0033268),SPTBN4 ANK3 NFASC KCNQ2 BIN1 KCNQ3 SCN8A CNTN2 SPOCK1 MYOC SCN2A SCN1B
1.0447023,5.594071,Cluster 6,AMPA glutamate receptor complex (GO:0032281),GRIA2 GRIA3 GRIA1 SHISA6 SHISA9 SHISA8 SHISA7 CACNG7 CACNG8 OLFM2 CNIH2 DLG4 CACNG2 CNIH3 CACNG3 CACNG4 GRIA4 CACNG5
0.63022166,6.113855,Cluster 6,septin cytoskeleton (GO:0032156),SEPT10 SEPT11 SEPT12 SEPT1 SEPT2 TMEM250 SEPT14 SEPT5 SEPT6 SEPT3 SEPT4 SEPT9 SEPT7 SEPT8
0.54774785,5.430298,Cluster 6,apical dendrite (GO:0097440),GSK3A MYO1D NEURL1 MAP1B PTK2B NSMF CLU CPEB3
1.1503296,4.4771,Cluster 6,endoplasmic reticulum subcompartment (GO:0098827),RTN4 RYR1 ATL3 ATL1 PARP16 RNF41 FKBP1A REEP1 KPNB1 ZFYVE27 RAB10 REEP5 RAB18 RAB3GAP1
0.553621,5.8418326,Cluster 6,axonal growth cone (GO:0044295),OLFM1 GPM6A C9ORF72 SHTN1 RTN4R FLRT3 FMR1 TAOK2 COBL FKBP4 L1CAM
0.99248374,4.546676,Cluster 6,endoplasmic reticulum tubular network (GO:0071782),RTN4 ATL3 ATL1 PARP16 RNF41 REEP1 KPNB1 ZFYVE27 STIM1 RAB10 ARV1 REEP5 ASPH EMD RAB18 C2CD2L RAB3GAP1
1.1703538,5.142777,Cluster 6,spanning component of membrane (GO:0089717),BMPR2 NLGN2 NLGN4X NLGN3 NLGN4Y NPC1L1 NLGN1 CDHR2 CDHR5 AJAP1 TRPM4
-0.28217116,3.4329607,Cluster 7,peroxisomal matrix (GO:0005782),IDH1 ACOT8 PHYH AOC1 BAAT GRHPR CAT ACOX3 AMACR ACOX2 AGPS GNPAT PEX7 ACOX1 FAR1 FAR2 PAOX ACOT6 CRAT AGXT FABP1 ACOT4
0.3163668,3.138722,Cluster 7,brush border membrane (GO:0031526),PEX19 CUBN SLC34A2 SLC11A2 SLC34A1 PDZK1 MFSD10 SLC9A3 SLC7A9 CDHR2 CDHR5 SLC26A4 SHANK2 SLC26A6
-0.2023359,3.508925,Cluster 7,oxoglutarate dehydrogenase complex (GO:0045252),DHTKD1 KAT2A MRPS36 OGDHL DLST DLD OGDH
-0.6177484,3.675694,Cluster 7,platelet dense granule lumen (GO:0031089),ECM1 SERPINA4 ITIH4 ITIH3 RARRES2 LGALS3BP CTSW SGPP2 SELENOP CLEC3B FAM3C TIMP3 APOH CDC37L1
-0.2522186,3.4009643,Cluster 7,microbody lumen (GO:0031907),IDH1 ACOT8 PHYH AOC1 BAAT GRHPR CAT ACOX3 AMACR ACOX2 AGPS GNPAT PEX7 ACOX1 FAR1 FAR2 PAOX ACOT6 CRAT AGXT FABP1 ACOT4
-0.46515268,3.576414,Cluster 7,membrane attack complex (GO:0005579),C5 C6 C7 C9 C8A C8B
-0.16164315,3.297505,Cluster 7,peroxisomal membrane (GO:0005778),ATAD1 PEX19 MAP2K2 ACBD5 PNPLA8 AOC1 PEX1 PEX10 PEX3 TTC1 PEX12 PEX2 PEX13 PEX14 DHRS4 PEX16 SLC25A17 PEX5L ALDH3A2 MAVS CAT PEX5 IMPDH2 AGPS PXMP2 GNPAT PXMP4 FAR1
0.20693159,3.213989,Cluster 7,cytoplasmic vesicle (GO:0031410),STARD4 MALL PSMC5 TFR2 CD207 ANP32E RIN3 OPTN PI4K2A
-0.5050097,3.587014,Cluster 7,spherical high-density lipoprotein particle (GO:0034366),APOM PON1 APOC3 APOA1 APOC2 HPR APOA2 CLU
-0.10974618,3.2611713,Cluster 7,microbody (GO:0042579),PEX19 PHYH SZT2 AOC1 ECH1 PEX1 MUL1 PEX10 PEX3 PEX12 PEX13 PEX14 PEX16 TMEM135 ACOX3 PEX5 ACOX2 PEX7 ACOX1 LACC1 PEX6 VIM PXMP4 FAR1 FAR2 PIK3C3 PEX11G CRAT ACOT4
-0.121588685,3.2819746,Cluster 7,peroxisomal part (GO:0044439),PEX19 ACOT8 PHYH AOC1 PEX1 PEX10 PEX3 PEX12 PEX2 PEX13 PEX14 PEX16 GRHPR PEX5L ACOX3 PEX5 ACOX2 PXMP2 PEX7 ACOX1 PXMP4 FAR1 FAR2 PAOX ACOT6 CRAT ACOT4
-0.5826173,3.7190907,Cluster 7,platelet dense granule (GO:0042827),ABCC4 ECM1 SERPINA4 CD63 ITIH4 ITIH3 RARRES2 LGALS3BP HPS4 RAB27B CTSW SGPP2 ITPR1 SELENOP CLEC3B SELP LAMP2 FAM3C TIMP3 APOH CDC37L1
-0.5231525,3.5988474,Cluster 7,very-low-density lipoprotein particle (GO:0034361),APOA2 APOC4 APOA5 APOA4 APOM APOC1 SELENOS APOC3 APOA1 APOC2 APOH APOE PCYOX1 APOL1 APOB
0.385733,3.2124665,Cluster 7,microvillus membrane (GO:0031528),PDPN PODXL CDHR2 ITGB3 SYTL1 CDHR5 ITGAV SLC9A3R1
-0.1634205,3.3128934,Cluster 7,peroxisome (GO:0005777),PEX19 PHYH SZT2 AOC1 ECH1 PEX1 MUL1 PEX10 PEX3 PEX12 PEX13 PEX14 PEX16 TMEM135 ACOX3 PEX5 ACOX2 PEX7 ACOX1 LACC1 PEX6 VIM PXMP4 FAR1 FAR2 PIK3C3 PEX11G CRAT ACOT4
0.25902486,3.2022102,Cluster 7,microvillus (GO:0005902),TGFB1 WWOX GRXCR2 GIF AOC3 RDX ANGPT1 STARD10 MSN SYTL1 MYO7B VCAM1 SLC9A3R1 MYO1C MYO1A CDHR2 CLRN1 TEK FSCN1 CDHR5 RAPGEF3 FSCN3 ANKS4B EZR ATP6V1B1 CD44 VIL1
0.2518662,3.1979072,Cluster 7,spanning component of plasma membrane (GO:0044214),BMPR2 NPC1L1 CDHR2 CDHR5 AJAP1 TRPM4
0.32025504,3.1561213,Cluster 7,Golgi lumen (GO:0005796),TGFB1 HS3ST1 LUM PPIL2 F10 DEFA5 WNT5A WNT5B DEFA6 DEFA3 DEFA4 DEFA1 KERA MUC3A MUC3B ZG16 CSPG5 CSPG4 AGRP AGRN
-0.42501855,3.6144335,Cluster 7,ATP-binding cassette (ABC) transporter complex (GO:0043190),ABCA2 ABCG8 ABCD4 ABCA7 ABCB8 ABCB6 ABCG5 ABCF2
-0.33560318,3.4455616,Cluster 7,extrinsic component of external side of plasma membrane (GO:0031232),TF CUBN ANXA1 SERPINE2 PCSK9 PLG FCN1
-0.48930255,3.5905976,Cluster 7,HFE-transferrin receptor complex (GO:1990712),TF TFRC TFR2 HFE HFE2 B2M BMPR1A BMPR1B
0.3454993,3.128213,Cluster 7,bicellular tight junction (GO:0005923),AOC1 CGN SHROOM2 TGFBR1 CLDN12 CLDN11 CLDN10 RAP2B RAP2C APC CLDN16 CLDN15 CLDN14 JAML RAPGEF2 AMOTL1 CLDN19 CLDN18 AMOTL2 CLDN17
2.7971342,2.9096446,Cluster 8,protein kinase complex (GO:1902911),INSR IRS1 CAB39 SORBS1 NEK10 MAP3K5
3.154859,3.3958416,Cluster 8,striated muscle thin filament (GO:0005865),TMOD2 MYOM1 TMOD1 MYOM2 MYBPC2 MYBPC3 TMOD4 TMOD3 LMOD2 LMOD1 MYBPH TTN MYBPC1 MYOM3 LMOD3 IGSF22 ACTA1 TNNT2 MYBPHL
3.202966,3.5086625,Cluster 8,sarcoplasm (GO:0016528),GSN TRDN GSTM2 NANOS1 S100A1 ANK3 JSRP1 FKBP1A CASQ1 CASQ2 PLEC
2.9625003,3.0981307,Cluster 8,actin cytoskeleton (GO:0015629),CARMIL2 ACTN4 ACTN3 ACTN2 ACTN1 AFAP1 MARCKS MYL2 TEK CORO6 HNRNPC FILIP1 TLN2 PFN4
2.9394944,3.0069282,Cluster 8,cytoskeleton (GO:0005856),AFAP1 TEX35 EML1 EML2 EML3 EML4 DES TEC EML5 EML6 MARCKS MYL2 VIM HNRNPC FILIP1 CDK16
3.099784,3.354358,Cluster 8,dystrophin-associated glycoprotein complex (GO:0016010),CAV3 SNTB1 SGCD SGCE SNTG1 SGCB SNTG2 SGCA DAG1 MAGEC2 DMD PGM5 SNTA1 SNTB2
2.7770133,2.8343866,Cluster 8,intercalated disc (GO:0014704),DSP JUP ANK3 TMEM65 ATP1B1 ANK2 DES FXYD1 DLG1 PKP2 DSG2 SCN4B OBSL1 VAMP5 FGF13 DSC2 RANGRF
2.7910786,2.9718094,Cluster 8,filopodium (GO:0030175),RDX MSN ITGA3 ACTN2 TRPV4 VCAM1 ACTA2 ACTA1 SHTN1 KITLG LCP1 MYO3A ABI1 SPATA13 ABI2 RUFY3 RAPGEF3 NPTXR UTRN
3.158138,3.4539552,Cluster 8,myofibril (GO:0030016),TMOD2 TMOD1 MYBPC3 PDE4DIP TMOD4 TMOD3 MYBPC1 DES PSMA6 MYH2 OBSCN MYH4 MYL1 SCO2 TNNT2 MYL2 SCO1 MYH6 MYH7
2.603637,2.7383025,Cluster 8,unconventional myosin complex (GO:0016461),MYL6 MYO1F MYO1C MYO6 MYO18B MYO9A DYNLL2 MYL6B
2.9866974,3.1541214,Cluster 8,actin filament (GO:0005884),ANXA1 TPM4 ACTN3 TPM3 ACTN2 TPM2 ACTN1 TSC1 PAWR RHOQ ACTA1 LCP1 TEK GAS2
2.9798174,3.27342,Cluster 8,junctional sarcoplasmic reticulum membrane (GO:0014701),TRDN RYR2 JPH3 RYR1 JPH4 CASQ2 AKAP6 JPH1 JPH2
3.0065176,3.215108,Cluster 8,smooth endoplasmic reticulum (GO:0005790),RYR2 RYR3 RYR1 RPL10 SYVN1 GBA2 PSEN1 TH SLMAP HYOU1 CASQ1 ERP29 APOB
3.093838,3.4100513,Cluster 8,contractile fiber (GO:0043292),TMOD2 TMOD1 PPP1R12A PDE4DIP TMOD4 TMOD3 MYBPC1 PSMA6 MYH2 OBSCN MYH4 MYL1 SCO2 MYL2 SCO1 CDK5R1 MYH6 SMTNL1 MYH7
2.9047015,3.2081213,Cluster 8,L-type voltage-gated calcium channel complex (GO:1990454),CACNB2 CACNB3 NOS1AP CACNA2D1 CACNA1S CACNA1C CACNA1D
2.7298872,2.8535118,Cluster 8,actin-based cell projection (GO:0098858),TGFB1 GRXCR2 AOC3 RDX ANGPT1 MSN ACTN2 TRPV4 MYO7B VCAM1 ACTA2 ACTA1 SHTN1 KITLG LCP1 MYO3A SPATA13 RUFY3 TEK RAPGEF3 ANKS4B NPTXR UTRN
2.8861039,3.0381033,Cluster 8,myosin filament (GO:0032982),MYOM1 MYBPC3 MYH14 MYH9 TRIM32 MYH10 MYH7 ACTG2 MYH8
3.1013148,3.3982832,Cluster 8,sarcoplasmic reticulum (GO:0016529),TRDN GSTM2 NANOS1 S100A1 ANK3 JSRP1 FKBP1A HRC CASQ1 CASQ2
